id,first_name,last_name,email,gender,phone,address,town,country
15793,Linet,O'Sherin,losherin0@furl.net,F,(908) 9189229,07 Prentice Park,Sandymount,Ireland
10500,Annaliese,Benning,abenning1@reuters.com,F,(154) 8914153,4328 Green Crossing,Glasnevin,Ireland
17609,Gaye,Currie,gcurrie2@utexas.edu,F,(450) 4690772,8 Anniversary Hill,Ballymahon,Ireland
11164,Jeddy,Witty,jwitty3@economist.com,M,(892) 7681853,70 Summit Way,Swords,Ireland
12268,Emogene,Zupo,ezupo4@prnewswire.com,F,(415) 2836767,43 Loeprich Way,Fairview,Ireland
14833,Allix,Ivushkin,aivushkin5@illinois.edu,F,(871) 8718281,9 Sutherland Crossing,Kinsealy-Drinan,Ireland
10319,Penni,Landreth,plandreth6@google.com.au,F,(627) 7228672,56539 Badeau Crossing,Tallaght,Ireland
15775,Tuckie,Raith,traith7@desdev.cn,M,(426) 5547814,103 Laurel Lane,Dunlewy,Ireland
14412,Auguste,Algy,aalgy8@google.ca,F,(309) 2224061,432 Lotheville Crossing,Gort,Ireland
14401,Analiese,Haste,ahaste9@altervista.org,F,(198) 8161263,0 Onsgard Place,Balrothery,Ireland
12797,Ulrich,Snelle,usnellea@symantec.com,M,(668) 3108141,289 Loeprich Plaza,Fairview,Ireland
12614,Fredelia,Attow,fattowb@w3.org,F,(882) 7560978,97572 Crowley Way,Oughterard,Ireland
10731,Humfried,Farragher,hfarragherc@dot.gov,M,(223) 4370137,60 Ridge Oak Alley,Portarlington,Ireland
16010,Harcourt,Sherringham,hsherringhamd@skype.com,M,(348) 2548259,009 Lukken Circle,Kanturk,Ireland
17569,Dasi,Haller,dhallere@com.com,F,(756) 6641602,704 8th Circle,Swinford,Ireland
17177,Jammal,Edards,jedardsf@wufoo.com,M,(703) 8180320,0010 Anniversary Place,Malahide,Ireland
14748,Josselyn,Guirau,jguiraug@engadget.com,F,(686) 9770640,523 Morningstar Trail,Lusk,Ireland
13081,Rosa,Humbert,rhumberth@youtube.com,F,(435) 4730849,006 Maple Park,Dún Laoghaire,Ireland
14343,Renaldo,Klimschak,rklimschaki@yahoo.co.jp,M,(663) 3534150,4789 Eggendart Pass,Ballina,Ireland
12609,Lucienne,Bayford,lbayfordj@behance.net,F,(835) 2015416,636 Vernon Parkway,Leixlip,Ireland
16460,Angelico,Guiel,aguielk@businessinsider.com,M,(555) 9403761,5 American Parkway,Bailieborough,Ireland
16591,Raddy,Tibbotts,rtibbottsl@facebook.com,M,(222) 9715560,961 Del Sol Point,Ballyhaunis,Ireland
10173,Alexis,Emmens,aemmensm@aol.com,M,(954) 4792370,51 Red Cloud Street,Ballinteer,Ireland
16864,Skippie,Elvey,selveyn@fema.gov,M,(848) 8754455,0 Michigan Avenue,Charlesland,Ireland
16476,Jodie,Janczewski,jjanczewskio@goo.gl,F,(753) 2657823,64 Vahlen Point,Ratoath,Ireland
17456,Jaine,Dashwood,jdashwoodp@de.vu,F,(349) 8973316,7 Talmadge Road,Malahide,Ireland
14958,Wylie,Kilfeder,wkilfederq@who.int,M,(710) 7555738,3 Clove Lane,Castleknock,Ireland
10540,Ivie,Dradey,idradeyr@mozilla.org,F,(341) 1775438,7802 Cottonwood Park,Bailieborough,Ireland
12311,Godfrey,Druhan,gdruhans@forbes.com,M,(824) 8031883,536 Mesta Street,Castlemartyr,Ireland
15899,Wallace,Laflin,wlaflint@cbslocal.com,M,(584) 9215741,07922 Dawn Plaza,Kinnegad,Ireland
13078,Jennine,Fronsek,jfronseku@topsy.com,F,(912) 4929595,2581 Grim Crossing,Blessington,Ireland
14687,Reinold,Goodlet,rgoodletv@aboutads.info,M,(103) 2685118,0702 Pine View Avenue,Oughterard,Ireland
15724,Juan,Spir,jspirw@businessweek.com,M,(129) 2697251,76 Kropf Junction,Ferbane,Ireland
14303,Julissa,Sacchetti,jsacchettix@ftc.gov,F,(255) 3700891,517 Myrtle Avenue,Rathwire,Ireland
10724,Beth,Scogings,bscogingsy@infoseek.co.jp,F,(392) 8166663,24178 Doe Crossing Circle,Ballyhaunis,Ireland
12470,Cinnamon,Hemphill,chemphillz@hugedomains.com,F,(276) 1607725,229 Kedzie Alley,Fairview,Ireland
11926,Lillis,Lythgoe,llythgoe10@hatena.ne.jp,F,(457) 3387194,387 Caliangt Trail,Castleknock,Ireland
17882,Bryn,Hayworth,bhayworth11@parallels.com,F,(683) 8049995,9863 North Point,Whitegate,Ireland
17307,Aundrea,Van Der Vlies,avandervlies12@irs.gov,F,(221) 5284449,8796 Monterey Court,Donegal,Ireland
16001,Yehudi,Kerridge,ykerridge13@sina.com.cn,M,(316) 3864798,3 Gale Drive,Moville,Ireland
13834,Gwynne,Spreckley,gspreckley14@issuu.com,F,(405) 8259313,4557 David Hill,Kinsealy-Drinan,Ireland
11917,Mylo,Slyne,mslyne15@house.gov,M,(248) 6327891,001 Jackson Point,Cabinteely,Ireland
10259,Evangelina,Brasner,ebrasner16@nbcnews.com,F,(568) 8041145,4 Roxbury Drive,Ballyjamesduff,Ireland
14805,Michele,Burwin,mburwin17@angelfire.com,M,(832) 4149162,08085 Miller Trail,Longwood,Ireland
14203,Micaela,Lantaph,mlantaph18@histats.com,F,(567) 8682571,1558 Coleman Road,Killorglin,Ireland
12187,Alaster,Janaszewski,ajanaszewski19@virginia.edu,M,(590) 1818196,96 Carey Terrace,Donegal,Ireland
17629,Robb,Hicks,rhicks1a@cbslocal.com,M,(358) 9203988,94 Carpenter Parkway,Oughterard,Ireland
10995,Abagael,Amiable,aamiable1b@sciencedirect.com,F,(332) 3337860,189 Schmedeman Point,Muff,Ireland
15790,Claudia,Jerrim,cjerrim1c@cornell.edu,F,(999) 5680178,531 Hanson Trail,Glasnevin,Ireland
10676,Robbie,Brunesco,rbrunesco1d@google.com.hk,M,(839) 7487557,12 Manufacturers Pass,Dromiskin,Ireland
10119,Fabien,McRobbie,fmcrobbie1e@weibo.com,M,(962) 6743376,666 Green Ridge Plaza,Gort,Ireland
16539,Vivie,Craster,vcraster1f@mlb.com,F,(822) 4804315,8 Claremont Point,Kildare,Ireland
14079,Arty,Gosenell,agosenell1g@nyu.edu,M,(711) 1819277,7 Talisman Crossing,Milltown,Ireland
13301,Winnifred,Rysdale,wrysdale1h@seattletimes.com,F,(521) 1095850,865 Dawn Terrace,Dún Laoghaire,Ireland
15011,Gerhardt,Brosnan,gbrosnan1i@gov.uk,M,(517) 3663838,6 Schmedeman Point,Skerries,Ireland
10012,Camille,Manicom,cmanicom1j@surveymonkey.com,F,(812) 8282748,0481 Northland Lane,Sandyford,Ireland
11447,Jacintha,Punton,jpunton1k@blogspot.com,F,(478) 6202167,6 Mayfield Alley,Aghada,Ireland
10325,Tandy,Stare,tstare1l@answers.com,F,(616) 5595027,42098 Upham Pass,Sandyford,Ireland
10455,Bealle,Evershed,bevershed1m@discovery.com,M,(695) 6854975,83810 Longview Terrace,Kanturk,Ireland
15724,Jania,Whellams,jwhellams1n@merriam-webster.com,F,(360) 9110025,582 Farmco Street,Monaghan,Ireland
12698,Leonardo,Baudone,lbaudone1o@mashable.com,M,(859) 4740413,3 Melby Circle,Farranacoush,Ireland
12033,Laureen,Ambrogiotti,lambrogiotti1p@cyberchimps.com,F,(668) 3984691,9693 Laurel Place,Portarlington,Ireland
10068,Perceval,Humble,phumble1q@1688.com,M,(978) 8869975,49 Glacier Hill Trail,Castlemartyr,Ireland
17611,Germayne,Gleaves,ggleaves1r@scientificamerican.com,M,(735) 7547398,460 Butterfield Center,Ballyboden,Ireland
15740,Lyndell,McMonies,lmcmonies1s@dell.com,F,(892) 7934408,26649 Warner Place,Lucan,Ireland
12701,Cyndie,Attride,cattride1t@ehow.com,F,(370) 1244505,7 Southridge Park,Oranmore,Ireland
16982,Marrissa,Gummer,mgummer1u@buzzfeed.com,F,(872) 9518634,7547 Fuller Alley,Fermoy,Ireland
13450,Fabiano,McLeod,fmcleod1v@wordpress.org,M,(501) 5470391,59859 Merry Center,Granard,Ireland
17484,Timothee,Reisin,treisin1w@tinyurl.com,M,(115) 5323793,092 Buena Vista Circle,Castlemartyr,Ireland
10471,Paddie,Coomber,pcoomber1x@hc360.com,M,(739) 8959931,49 Jenifer Crossing,Gort,Ireland
17910,Johnathan,Rackstraw,jrackstraw1y@issuu.com,M,(872) 6354254,964 Messerschmidt Terrace,Skerries,Ireland
13489,Jacobo,Adds,jadds1z@google.com.hk,M,(249) 2254722,42926 Eastwood Center,Greystones,Ireland
11862,Evelin,Eckhard,eeckhard20@discuz.net,M,(954) 4664995,65527 Toban Parkway,Virginia,Ireland
14868,Betta,Napier,bnapier21@dion.ne.jp,F,(649) 4672000,931 Bellgrove Place,Raphoe,Ireland
15884,Helen,Velasquez,hvelasquez22@independent.co.uk,F,(136) 5561769,77558 Jana Alley,Stradbally,Ireland
10540,Brok,Tue,btue23@wikimedia.org,M,(399) 6186460,9174 Forest Dale Terrace,Youghal,Ireland
10085,Vinson,Featenby,vfeatenby24@dot.gov,M,(128) 8841984,305 Elka Trail,Monaghan,Ireland
11265,Christalle,Farrall,cfarrall25@diigo.com,F,(322) 4276981,16526 Schmedeman Park,Blarney,Ireland
10273,Even,Walicki,ewalicki26@phpbb.com,M,(541) 8253639,109 Independence Terrace,Kiltamagh,Ireland
14065,Tabor,Templar,ttemplar27@walmart.com,M,(153) 6443674,1 Coleman Park,Kilmacanoge,Ireland
14885,Franni,Huddles,fhuddles28@cafepress.com,F,(186) 6106022,41 New Castle Avenue,Naas,Ireland
15757,Care,Scraney,cscraney29@mapy.cz,M,(869) 5574670,9 Springview Hill,Templeogue,Ireland
13149,Roana,Slorance,rslorance2a@goo.gl,F,(166) 3106925,49588 Roxbury Parkway,Ratoath,Ireland
14250,Cleo,Degoy,cdegoy2b@imgur.com,F,(659) 8185570,788 La Follette Point,Ballymun,Ireland
17814,Jayson,Thompsett,jthompsett2c@usgs.gov,M,(141) 7746935,71389 Laurel Court,Muff,Ireland
17544,Donnamarie,Catlin,dcatlin2d@home.pl,F,(325) 4472663,46034 Parkside Parkway,Castlepollard,Ireland
10829,Theresina,McGeffen,tmcgeffen2e@webeden.co.uk,F,(264) 8883328,4 Schlimgen Park,Adare,Ireland
13616,Jenifer,Heffernan,jheffernan2f@clickbank.net,F,(219) 9433153,3 Forster Road,Castlepollard,Ireland
11546,Sharyl,Ottewill,sottewill2g@noaa.gov,F,(392) 5525713,8 Becker Center,Bagenalstown,Ireland
12309,Amy,Shoulders,ashoulders2h@eepurl.com,F,(547) 4078409,68425 Gale Point,Shankill,Ireland
16962,Leonanie,Shottin,lshottin2i@tuttocitta.it,F,(959) 5397459,32 Macpherson Center,Ferbane,Ireland
11751,Fowler,Berns,fberns2j@indiegogo.com,M,(985) 6072164,756 Shelley Street,Tullyallen,Ireland
12714,Janeva,Ludovico,jludovico2k@ezinearticles.com,F,(937) 8070046,4181 Mallard Parkway,Sallins,Ireland
15552,Denys,Gasnoll,dgasnoll2l@va.gov,M,(834) 3870436,1005 Summit Place,Castlerea,Ireland
14967,Kitti,Patey,kpatey2m@hc360.com,F,(587) 5000589,96099 Westend Trail,Donnycarney,Ireland
15925,Jerald,Tapsell,jtapsell2n@histats.com,M,(722) 5788831,018 Canary Street,Daingean,Ireland
11459,Sancho,Melanaphy,smelanaphy2o@ask.com,M,(924) 7353371,48039 Hauk Crossing,Kingscourt,Ireland
17970,Wilona,Battelle,wbattelle2p@barnesandnoble.com,F,(406) 8752023,84 Esch Drive,Booterstown,Ireland
11191,Hersch,Forsey,hforsey2q@shinystat.com,M,(149) 7884677,6729 Forster Place,Greystones,Ireland
13536,Dode,Brockton,dbrockton2r@google.co.jp,F,(916) 7285373,8523 Heath Parkway,Ferbane,Ireland
16226,Pam,Pineaux,ppineaux2s@networksolutions.com,F,(675) 8785558,23 Esker Park,Skibbereen,Ireland
13156,Val,Stendall,vstendall2t@shinystat.com,M,(122) 6663596,26 Kennedy Center,Kingscourt,Ireland
13872,Woodie,Kincade,wkincade2u@bbb.org,M,(496) 6385691,53 Barby Lane,Askeaton,Ireland
15852,Oran,Chanders,ochanders2v@behance.net,M,(504) 6167201,5856 Boyd Way,Longford,Ireland
13675,Carmelia,Burberow,cburberow2w@vkontakte.ru,F,(608) 6729583,45486 High Crossing Avenue,Tullyallen,Ireland
17577,Penn,Riolfo,priolfo2x@earthlink.net,M,(259) 5290476,1097 Delladonna Avenue,Oranmore,Ireland
15869,Tull,Sagrott,tsagrott2y@pcworld.com,M,(717) 1210329,51 Forest Run Junction,Thomastown,Ireland
16009,Katrine,Worcester,kworcester2z@nytimes.com,F,(468) 8549400,0991 Burning Wood Point,Blessington,Ireland
13670,Jennifer,Laughlin,jlaughlin30@nyu.edu,F,(541) 9053431,158 Sycamore Junction,Ballymun,Ireland
13768,Brooks,Duce,bduce31@cocolog-nifty.com,M,(363) 6649206,8 Tennessee Street,Templeogue,Ireland
17060,Artemus,Canfield,acanfield32@hugedomains.com,M,(475) 9685807,11 5th Parkway,Whitegate,Ireland
14140,Luigi,Creese,lcreese33@wisc.edu,M,(236) 9907689,223 Gateway Center,Cloyne,Ireland
13947,Daron,Sallery,dsallery34@a8.net,F,(312) 4177321,1047 Scofield Terrace,Kanturk,Ireland
11817,Corny,Filyaev,cfilyaev35@vistaprint.com,F,(211) 4636194,2 Superior Trail,Cloyne,Ireland
14816,Wildon,Child,wchild36@wufoo.com,M,(870) 1986416,57920 Messerschmidt Lane,Cloyne,Ireland
13957,Carmel,Luttger,cluttger37@gizmodo.com,F,(413) 8331503,479 Doe Crossing Alley,Prosperous,Ireland
16115,Nathanial,Satch,nsatch38@google.com.au,M,(297) 5114373,67 Columbus Point,Athlone,Ireland
16821,Jackie,Phizaclea,jphizaclea39@wikia.com,M,(476) 5263953,5 Onsgard Park,Sandymount,Ireland
16695,Cesar,Hardy-Piggin,chardypiggin3a@ihg.com,M,(128) 1517870,13899 Annamark Point,Daingean,Ireland
11720,Anestassia,McIsaac,amcisaac3b@w3.org,F,(711) 4347238,11 Independence Park,Bailieborough,Ireland
14823,Sauveur,Tuberfield,stuberfield3c@biblegateway.com,M,(955) 5784807,377 Mccormick Avenue,Rathnew,Ireland
15309,Jereme,Giorgiutti,jgiorgiutti3d@tuttocitta.it,M,(110) 9886499,961 Sugar Drive,Kingscourt,Ireland
16460,Dona,Feavers,dfeavers3e@google.ca,F,(546) 6044794,7 Orin Place,Clones,Ireland
17572,Leroy,Peasegod,lpeasegod3f@eventbrite.com,M,(650) 9038415,8 Sunfield Pass,Bantry,Ireland
14997,Heida,Cape,hcape3g@disqus.com,F,(922) 8000236,49613 Hudson Terrace,Greystones,Ireland
12559,Daune,Treadaway,dtreadaway3h@guardian.co.uk,F,(204) 5405454,556 Lakewood Gardens Place,Castleknock,Ireland
12035,Kizzee,Tomkies,ktomkies3i@meetup.com,F,(175) 3428274,697 Donald Center,Portumna,Ireland
16444,Sherm,Jikylls,sjikylls3j@github.com,M,(110) 6788329,96392 Orin Road,Mallow,Ireland
15976,Sheryl,Attew,sattew3k@ehow.com,F,(749) 2159066,1 Eagle Crest Road,Balally,Ireland
17742,Dev,Richmond,drichmond3l@constantcontact.com,M,(160) 4115818,530 Fairview Pass,Killorglin,Ireland
15397,Burk,Beebis,bbeebis3m@npr.org,M,(795) 1974271,4 Ridge Oak Hill,Virginia,Ireland
14295,Hastie,Beckmann,hbeckmann3n@admin.ch,M,(664) 9665455,80461 Fairfield Center,Clondalkin,Ireland
12690,Janean,Greenall,jgreenall3o@google.co.jp,F,(111) 8480198,3899 Fairview Hill,Manorhamilton,Ireland
12368,Elysee,Labbett,elabbett3p@moonfruit.com,F,(780) 3435596,11 School Hill,Longwood,Ireland
14123,Rebekah,Middleweek,rmiddleweek3q@jimdo.com,F,(628) 8343033,42156 Monica Avenue,Athy,Ireland
15738,Celeste,Jagielski,cjagielski3r@mozilla.com,F,(663) 1495043,7538 Debra Alley,Ratoath,Ireland
13962,Darryl,Windas,dwindas3s@lycos.com,F,(408) 6379853,56 Hudson Court,Leixlip,Ireland
11914,Artemis,Jennaway,ajennaway3t@auda.org.au,M,(756) 7608335,399 Starling Park,Cill Airne,Ireland
14714,Adam,Perotti,aperotti3u@java.com,M,(591) 7431138,39234 Sachs Avenue,Daingean,Ireland
17908,Shalna,Wrankling,swrankling3v@nps.gov,F,(110) 8923265,93080 Scofield Alley,Clones,Ireland
15790,Lucien,Scarbarrow,lscarbarrow3w@deviantart.com,M,(291) 4946447,889 Burning Wood Hill,Donabate,Ireland
14299,Emelia,Mixture,emixture3x@etsy.com,F,(772) 8276886,0 Division Road,Tralee,Ireland
12562,Raven,Yakobowitch,ryakobowitch3y@huffingtonpost.com,F,(510) 9243686,50337 Grover Plaza,Ballinteer,Ireland
10734,Pebrook,Portigall,pportigall3z@booking.com,M,(223) 8287210,82 Toban Trail,Blessington,Ireland
17630,Romonda,Povlsen,rpovlsen40@godaddy.com,F,(963) 4919063,1962 Towne Circle,Rathdrum,Ireland
17760,Nicol,Goman,ngoman41@huffingtonpost.com,M,(428) 3326962,847 Homewood Terrace,Dundrum,Ireland
17454,Clementine,Rapa,crapa42@bloglovin.com,F,(798) 4677506,7790 Maywood Lane,Tullyallen,Ireland
12626,Wernher,Eborall,weborall43@nytimes.com,M,(980) 8856997,688 Boyd Park,Dungloe,Ireland
17635,Elisha,Luckie,eluckie44@goo.ne.jp,M,(654) 2852567,44343 Summit Trail,Virginia,Ireland
14135,Lavina,Stile,lstile45@dagondesign.com,F,(268) 2093884,32541 Anzinger Court,Muff,Ireland
17318,Dalton,Rosenblum,drosenblum46@latimes.com,M,(372) 6165785,5789 Waubesa Pass,Greenhills,Ireland
12836,Meir,Hendron,mhendron47@ftc.gov,M,(687) 7220776,38087 Old Gate Way,Dungarvan,Ireland
16902,Lynelle,Sparling,lsparling48@cornell.edu,F,(124) 8158450,8090 Milwaukee Court,Longford,Ireland
15478,Carolann,Cavil,ccavil49@bbc.co.uk,F,(941) 6068218,0 Lighthouse Bay Trail,Tralee,Ireland
11970,Antin,Pretsel,apretsel4a@alexa.com,M,(374) 7262579,4884 Clarendon Court,Dungarvan,Ireland
10901,Alexander,Helleckas,ahelleckas4b@example.com,M,(651) 9777977,38019 Oak Drive,Kiltamagh,Ireland
14283,Omar,Haggard,ohaggard4c@hubpages.com,M,(576) 4009719,3 Donald Point,Dundrum,Ireland
13875,Hulda,Buckby,hbuckby4d@about.com,F,(407) 4037081,9665 Roth Center,Mullagh,Ireland
13099,Mitchael,Snoddin,msnoddin4e@npr.org,M,(336) 9112464,40 Eliot Street,Bundoran,Ireland
16999,Stan,Inman,sinman4f@i2i.jp,M,(952) 2824845,805 International Terrace,Castleknock,Ireland
16548,Sheridan,Castletine,scastletine4g@ocn.ne.jp,M,(571) 6671621,590 Northridge Junction,Moate,Ireland
15246,Izaak,O'Scandall,ioscandall4h@g.co,M,(844) 6024300,32834 Sauthoff Trail,Ballinroad,Ireland
11761,Karina,Batalini,kbatalini4i@bing.com,F,(815) 4212282,17369 Havey Parkway,Shankill,Ireland
15544,Allix,Portt,aportt4j@apache.org,F,(586) 3273742,9 Dryden Way,Dungloe,Ireland
14032,Leo,Strong,lstrong4k@nationalgeographic.com,M,(407) 7107857,1956 Colorado Drive,Dundrum,Ireland
17887,Robb,Butt Gow,rbuttgow4l@ustream.tv,M,(828) 8793723,82 Bonner Place,Prosperous,Ireland
11030,Ancell,Kinman,akinman4m@cornell.edu,M,(165) 8208266,8507 Scott Park,Templeogue,Ireland
17647,Ryun,Torrese,rtorrese4n@mtv.com,M,(498) 9631811,6136 Menomonie Drive,Listowel,Ireland
16647,De,Cambden,dcambden4o@ehow.com,F,(997) 1191022,37553 Linden Court,Loughrea,Ireland
10520,Myrna,Swancott,mswancott4p@redcross.org,F,(147) 7306007,963 Golf Course Junction,Enniskerry,Ireland
14158,Lizzy,Klulik,lklulik4q@woothemes.com,F,(978) 5107670,48 Artisan Parkway,Greystones,Ireland
12162,Tricia,Como,tcomo4r@army.mil,F,(501) 4664786,6398 Anzinger Crossing,Ratoath,Ireland
17514,Marmaduke,Hardin,mhardin4s@google.com.hk,M,(396) 3563135,3 Onsgard Street,Swords,Ireland
12522,Byrom,Sarfatti,bsarfatti4t@google.com.au,M,(789) 2340433,7 Starling Point,Ballivor,Ireland
14915,Darice,Gilloran,dgilloran4u@bigcartel.com,F,(277) 1081147,3951 Stuart Place,Prosperous,Ireland
17635,Kurt,Rambaut,krambaut4v@phoca.cz,M,(655) 9377545,76 Colorado Hill,Swords,Ireland
12657,Alena,Lerwill,alerwill4w@telegraph.co.uk,F,(165) 4172699,573 Johnson Circle,Lucan,Ireland
15995,Avivah,Raffels,araffels4x@telegraph.co.uk,F,(530) 6901091,4443 Autumn Leaf Plaza,Beaumont,Ireland
11898,Janot,Goodale,jgoodale4y@fc2.com,F,(886) 6954435,8 Paget Plaza,Naas,Ireland
11728,Raynor,Heater,rheater4z@sphinn.com,M,(945) 2646179,93758 Jackson Crossing,Longwood,Ireland
11693,Electra,Tucsell,etucsell50@house.gov,F,(235) 9650063,737 Westend Lane,Blarney,Ireland
13243,Tiffani,Jindrak,tjindrak51@jalbum.net,F,(978) 8012557,6 Mallard Park,Gort,Ireland
16086,Romy,Haton,rhaton52@theglobeandmail.com,F,(115) 8758262,576 Waubesa Avenue,Farranacoush,Ireland
16188,Gusti,Bromige,gbromige53@gmpg.org,F,(484) 8670575,446 Beilfuss Junction,Tower,Ireland
11855,Jeth,Nottram,jnottram54@nytimes.com,M,(444) 8580750,62 Hudson Plaza,Clifden,Ireland
11637,Paul,Hryncewicz,phryncewicz55@cocolog-nifty.com,M,(185) 5926454,431 Thierer Terrace,Aghada,Ireland
10331,Tamara,Costen,tcosten56@wsj.com,F,(286) 9094826,3 Gale Crossing,Athlone,Ireland
17690,Fancie,Verecker,fverecker57@blog.com,F,(295) 1308324,06 Algoma Hill,Moville,Ireland
16245,Brigitta,Vidgen,bvidgen58@csmonitor.com,F,(187) 7081551,363 Fair Oaks Trail,Monkstown,Ireland
13394,Field,Caulier,fcaulier59@soundcloud.com,M,(189) 1967559,3 Macpherson Junction,Oughterard,Ireland
15889,Ferdy,Crollman,fcrollman5a@newyorker.com,M,(887) 9564180,685 Sachs Point,Castleknock,Ireland
12963,Franklyn,Babber,fbabber5b@nifty.com,M,(891) 2498887,2 Randy Crossing,Aghada,Ireland
10692,Lodovico,Carnalan,lcarnalan5c@spotify.com,M,(153) 9315567,60888 Pierstorff Avenue,Cobh,Ireland
16604,Doria,Scheffler,dscheffler5d@illinois.edu,F,(550) 4469816,53 Moulton Drive,Longwood,Ireland
12859,West,Cormode,wcormode5e@desdev.cn,M,(351) 7915328,208 Starling Lane,Gweedore,Ireland
10584,Persis,Cotsford,pcotsford5f@senate.gov,F,(493) 3546328,12824 Dottie Drive,Ballisodare,Ireland
14023,Maridel,Greg,mgreg5g@mashable.com,F,(684) 1047561,9 Petterle Road,Clifden,Ireland
16197,Melonie,Christensen,mchristensen5h@deviantart.com,F,(236) 7053537,1 Holmberg Center,Claremorris,Ireland
10313,Salomone,Richel,srichel5i@wikispaces.com,M,(557) 5317585,5405 Barnett Hill,Ratoath,Ireland
16048,Gordan,Shird,gshird5j@sohu.com,M,(607) 3700342,09 Browning Hill,Skibbereen,Ireland
12624,Fulton,Eliff,feliff5k@intel.com,M,(694) 2911799,34984 Fordem Avenue,Portumna,Ireland
17837,Una,Badwick,ubadwick5l@ask.com,F,(424) 3503931,975 Leroy Junction,Rathwire,Ireland
12766,Tucker,Fern,tfern5m@desdev.cn,M,(987) 3960327,87 Marcy Place,Castlepollard,Ireland
13898,Lorrie,Boulsher,lboulsher5n@bandcamp.com,F,(406) 3915109,08796 Corry Hill,Malahide,Ireland
13839,Vivie,Elderidge,velderidge5o@bigcartel.com,F,(122) 7580023,27 Clarendon Street,Cloyne,Ireland
16959,Penn,Lillicrop,plillicrop5p@nba.com,M,(112) 4988503,90256 Fairview Way,Gweedore,Ireland
10351,Devin,Kase,dkase5q@cloudflare.com,M,(168) 4365486,72 Russell Hill,Midleton,Ireland
14034,Teriann,Cheltnam,tcheltnam5r@bloglines.com,F,(510) 5756640,34602 Brentwood Way,Clonskeagh,Ireland
16278,Ted,Mertsching,tmertsching5s@yandex.ru,M,(863) 8032130,13398 Marquette Road,Newmarket on Fergus,Ireland
16186,Antone,Claydon,aclaydon5t@mac.com,M,(133) 8451289,79 Oxford Crossing,Muff,Ireland
14015,Dar,Ditzel,dditzel5u@businessinsider.com,M,(723) 4886668,1205 Blackbird Parkway,Donnybrook,Ireland
16811,Valry,Coughan,vcoughan5v@123-reg.co.uk,F,(550) 1992392,23 Welch Street,Granard,Ireland
13451,Rolland,Bowdler,rbowdler5w@surveymonkey.com,M,(411) 3187996,4 Butternut Way,Ardee,Ireland
15898,Bronny,Olorenshaw,bolorenshaw5x@ft.com,M,(581) 2097789,889 Homewood Crossing,Dungarvan,Ireland
17377,Emlyn,Tomblett,etomblett5y@elegantthemes.com,M,(102) 7143925,2 Sauthoff Lane,Moycullen,Ireland
12760,Tanner,Lutas,tlutas5z@163.com,M,(905) 2212173,44063 Stone Corner Center,Cavan,Ireland
15142,Rheba,Bellringer,rbellringer60@biglobe.ne.jp,F,(150) 6977846,2244 Colorado Hill,Rathangan,Ireland
15736,Wendeline,Sussems,wsussems61@nba.com,F,(988) 6910433,16738 Harper Center,Ballyboden,Ireland
15102,Derrik,Llewellyn,dllewellyn62@yolasite.com,M,(480) 9308820,59 Walton Junction,Castlerea,Ireland
11539,Alexei,Van Dalen,avandalen63@typepad.com,M,(501) 3526759,84517 Hollow Ridge Street,Kinsealy-Drinan,Ireland
12055,Carolynn,Nancekivell,cnancekivell64@va.gov,F,(909) 6400135,389 David Street,Dromiskin,Ireland
12142,Margaretha,Coleborn,mcoleborn65@unicef.org,F,(479) 4782999,24 Eggendart Way,Bailieborough,Ireland
14495,Meade,Livesay,mlivesay66@canalblog.com,M,(637) 1712817,32 Lillian Parkway,Belmullet,Ireland
14152,Jamil,Pescod,jpescod67@ox.ac.uk,M,(971) 8851175,4985 Morning Circle,Portarlington,Ireland
14126,Misha,Petras,mpetras68@miitbeian.gov.cn,F,(660) 2586824,9 Walton Drive,Sandyford,Ireland
12680,Howard,Mainz,hmainz69@desdev.cn,M,(412) 9106859,2271 Fuller Hill,Ballylinan,Ireland
10648,Hurlee,Crosier,hcrosier6a@jalbum.net,M,(250) 6665558,22790 Oneill Place,Enniskerry,Ireland
11338,Natale,Kuhwald,nkuhwald6b@tumblr.com,M,(741) 4583627,29 Pepper Wood Junction,Beaumont,Ireland
16730,Sheila-kathryn,Yglesia,syglesia6c@about.me,F,(953) 4193222,044 Hallows Park,Dundrum,Ireland
15180,Ashley,Goudman,agoudman6d@reuters.com,M,(673) 1224720,00 Dennis Alley,Clonskeagh,Ireland
13279,Sebastian,Pentony,spentony6e@blogtalkradio.com,M,(660) 2972218,929 Anthes Point,Ferbane,Ireland
11489,Berne,Shotboulte,bshotboulte6f@blogs.com,M,(213) 8715367,0 Ohio Lane,Drumcondra,Ireland
17679,Jeth,Dayce,jdayce6g@pinterest.com,M,(625) 7743354,5050 Fairview Road,Tower,Ireland
11746,Jennette,Weighell,jweighell6h@ebay.com,F,(201) 9924472,60 Bowman Terrace,Ballylinan,Ireland
10466,Noreen,Holbury,nholbury6i@behance.net,F,(919) 1797916,33070 Corry Point,Booterstown,Ireland
10778,Erina,Antal,eantal6j@home.pl,F,(456) 6667466,1938 Mayer Road,Old Kilcullen,Ireland
14360,Cecelia,Lickorish,clickorish6k@storify.com,F,(976) 4886210,7642 Drewry Street,Boyle,Ireland
10224,Farly,Townes,ftownes6l@shinystat.com,M,(925) 5971985,256 Gerald Terrace,Donabate,Ireland
10624,Jarvis,Riddiough,jriddiough6m@chron.com,M,(169) 9853138,247 Colorado Avenue,Raheny,Ireland
12439,Bessie,Hamsley,bhamsley6n@artisteer.com,F,(558) 2192630,63 Bunting Park,Ballylinan,Ireland
15704,Cordelie,Richmond,crichmond6o@yale.edu,F,(269) 4110449,36716 Spenser Way,Kinsale,Ireland
10097,Marinna,Gerling,mgerling6p@dyndns.org,F,(548) 2031147,16 Melrose Avenue,Killumney,Ireland
13294,Evita,Sporgeon,esporgeon6q@biglobe.ne.jp,F,(281) 9408949,44 Boyd Avenue,Dunlewy,Ireland
14340,Tine,Worcs,tworcs6r@so-net.ne.jp,F,(389) 1929476,59 Fairfield Trail,Raheny,Ireland
10944,Linet,Drews,ldrews6s@addtoany.com,F,(595) 3500401,6716 Pierstorff Street,Whitegate,Ireland
14215,Renato,Verbeek,rverbeek6t@xrea.com,M,(970) 2279533,6 Carberry Crossing,Ballymun,Ireland
14906,Koo,Grimme,kgrimme6u@fotki.com,F,(221) 6893686,1802 Sloan Lane,Kill,Ireland
15028,Deb,Clues,dclues6v@yahoo.co.jp,F,(145) 1521433,1778 Sheridan Court,Cabinteely,Ireland
10722,Montague,Orwin,morwin6w@dyndns.org,M,(801) 1486309,7 Lerdahl Lane,Naas,Ireland
10620,Karlens,Hegley,khegley6x@technorati.com,M,(712) 7994253,70695 International Point,Ballyboden,Ireland
10572,Calypso,Spurden,cspurden6y@unc.edu,F,(942) 4837772,342 Carpenter Avenue,Valleymount,Ireland
15322,Marcel,Rigney,mrigney6z@newyorker.com,M,(268) 2250136,2 Becker Avenue,Old Kilcullen,Ireland
12086,Onfre,Coppock.,ocoppock70@kickstarter.com,M,(974) 7300608,88 Northfield Drive,Killorglin,Ireland
15386,Ardeen,Grover,agrover71@discuz.net,F,(963) 4173153,89 Forest Run Junction,Ardee,Ireland
15952,Barn,Budgen,bbudgen72@cocolog-nifty.com,M,(768) 3468512,2 Luster Center,Moville,Ireland
10740,Batholomew,Grantham,bgrantham73@topsy.com,M,(203) 6584298,5423 Anhalt Junction,Portarlington,Ireland
15955,Flinn,Mangion,fmangion74@google.com.br,M,(125) 9249063,1461 Bowman Terrace,Drumcondra,Ireland
13035,Jennica,Wheble,jwheble75@wunderground.com,F,(312) 4922405,0189 Pine View Pass,Moate,Ireland
17315,Marie-ann,Reen,mreen76@t-online.de,F,(507) 7203236,530 Pawling Avenue,Kilkenny,Ireland
10293,Hyacinthe,Nickols,hnickols77@weather.com,F,(850) 9681590,1908 Colorado Center,Rathwire,Ireland
17296,Kitti,Bugden,kbugden78@netvibes.com,F,(740) 8707437,3 Red Cloud Circle,Kinlough,Ireland
15406,Bord,Ducket,bducket79@hexun.com,M,(424) 2650708,55 Gerald Road,Listowel,Ireland
10080,Noellyn,Elford,nelford7a@europa.eu,F,(402) 7030828,04 Vera Parkway,Claremorris,Ireland
14390,Cristen,Heard,cheard7b@census.gov,F,(608) 8631071,349 Brown Lane,Aughrim,Ireland
12877,Otes,Thackray,othackray7c@latimes.com,M,(351) 5914773,677 Village Center,Donabate,Ireland
15032,Marmaduke,Binham,mbinham7d@census.gov,M,(742) 4278978,87060 Hovde Road,Charlesland,Ireland
16965,Harriet,Yellowlee,hyellowlee7e@wikispaces.com,F,(915) 4827269,55 Hanson Lane,Dunlewy,Ireland
12870,Ricard,Harridge,rharridge7f@cam.ac.uk,M,(967) 7890539,32822 Novick Drive,Castleknock,Ireland
10719,Oberon,Dryden,odryden7g@google.pl,M,(823) 3603206,75583 Nova Drive,Killumney,Ireland
14042,Frederica,Willcox,fwillcox7h@fastcompany.com,F,(553) 4139345,6718 Bunting Pass,Dromiskin,Ireland
11419,Sada,Bastone,sbastone7i@google.com.br,F,(360) 4178874,9187 Menomonie Avenue,Castleknock,Ireland
13963,Erinna,Aris,earis7j@naver.com,F,(218) 8472427,4878 Westport Crossing,Clonskeagh,Ireland
13994,Teodor,Cruikshank,tcruikshank7k@utexas.edu,M,(458) 3152074,83808 Linden Drive,Loughrea,Ireland
12864,Crawford,Dmtrovic,cdmtrovic7l@unblog.fr,M,(241) 1605790,6 Welch Park,Shankill,Ireland
12325,Peggy,Sheaf,psheaf7m@goo.gl,F,(693) 8662321,71 Continental Place,Dungarvan,Ireland
15785,Cassey,Habard,chabard7n@printfriendly.com,F,(429) 5597949,0 Dixon Pass,Glasnevin,Ireland
16538,Augy,Baynard,abaynard7o@bigcartel.com,M,(161) 5312025,467 Main Court,Belmullet,Ireland
12600,Bliss,Rapps,brapps7p@tamu.edu,F,(313) 8558528,2 Sachs Pass,Stradbally,Ireland
11097,Maryjo,Delion,mdelion7q@moonfruit.com,F,(397) 3920034,441 Truax Way,Enniskerry,Ireland
14014,Garret,Aiton,gaiton7r@uiuc.edu,M,(525) 9180256,84 Westend Circle,Bagenalstown,Ireland
15438,Fowler,Van Giffen,fvangiffen7s@feedburner.com,M,(388) 2712344,15948 Nevada Alley,Ballylinan,Ireland
10633,Vale,Mechi,vmechi7t@redcross.org,M,(393) 2889310,156 Norway Maple Court,Skerries,Ireland
15629,Osbert,Spraberry,ospraberry7u@about.me,M,(253) 4947976,666 Pankratz Lane,Ballisodare,Ireland
11576,Pearl,Scatcher,pscatcher7v@prweb.com,F,(987) 2478863,952 Waubesa Terrace,Cloyne,Ireland
17345,Lianna,Berthelmot,lberthelmot7w@globo.com,F,(300) 3322649,869 Westend Place,Stradbally,Ireland
14908,Kristopher,Ninnotti,kninnotti7x@csmonitor.com,M,(396) 2008088,709 Amoth Junction,Cobh,Ireland
14596,Aarika,Danslow,adanslow7y@arizona.edu,F,(851) 9030031,0 Carpenter Point,Donnybrook,Ireland
16137,Dino,Rens,drens7z@ask.com,M,(169) 4944862,5 Victoria Park,Tower,Ireland
17506,Gareth,Harrowsmith,gharrowsmith80@stanford.edu,M,(782) 3479402,7 Chinook Place,Midleton,Ireland
12789,Emylee,Moughtin,emoughtin81@microsoft.com,F,(393) 4387225,37936 Talmadge Point,Donegal,Ireland
17923,Eilis,Niccols,eniccols82@microsoft.com,F,(142) 8374840,36297 Everett Circle,Clondalkin,Ireland
16685,Prentice,Cottham,pcottham83@businessinsider.com,M,(976) 1822807,68783 Holy Cross Court,Granard,Ireland
16658,Ava,Mettericke,amettericke84@theatlantic.com,F,(986) 9304312,62915 Old Gate Drive,Loughrea,Ireland
12345,Arne,Burne,aburne85@blogs.com,M,(928) 5760849,61 Sommers Drive,Tuam,Ireland
15148,Anthiathia,Cleland,acleland86@pbs.org,F,(708) 5563076,257 Northridge Drive,Adare,Ireland
13896,Guido,Coker,gcoker87@dagondesign.com,M,(428) 5183856,36 Merrick Lane,Ashbourne,Ireland
12605,Jannelle,Roz,jroz88@dion.ne.jp,F,(237) 7408493,6892 Mccormick Lane,Sandymount,Ireland
15117,Aloise,Boagey,aboagey89@altervista.org,F,(795) 7070781,7 Linden Avenue,Tullyallen,Ireland
12561,Inger,Kyberd,ikyberd8a@scientificamerican.com,F,(741) 6534889,37694 Marquette Circle,Trá Mhór,Ireland
11574,Alisa,Diviney,adiviney8b@craigslist.org,F,(728) 9520079,0 Sunbrook Hill,Belmullet,Ireland
15576,Ogdan,Mathie,omathie8c@bluehost.com,M,(490) 2888542,7979 Carberry Road,Milltown,Ireland
11110,Nolan,Snodden,nsnodden8d@bloomberg.com,M,(715) 9933517,0 Sachs Lane,Shankill,Ireland
15772,Bartlett,Melloi,bmelloi8e@alibaba.com,M,(822) 9413799,42 Dunning Parkway,Ballinteer,Ireland
16408,Esdras,Darbyshire,edarbyshire8f@about.me,M,(320) 8290141,38826 Continental Park,Dunleer,Ireland
12581,Nicolais,Seebright,nseebright8g@quantcast.com,M,(425) 6646372,302 Welch Road,Ballyjamesduff,Ireland
12365,Myrtle,Laurentin,mlaurentin8h@java.com,F,(698) 1200511,108 Moulton Pass,Bantry,Ireland
16704,Emilio,Revett,erevett8i@drupal.org,M,(754) 9457732,938 Dorton Center,Virginia,Ireland
12432,Cristin,Klarzynski,cklarzynski8j@amazonaws.com,F,(145) 5905205,61161 Forest Point,Drumcondra,Ireland
16853,Cristiano,Facchini,cfacchini8k@t.co,M,(139) 5357402,037 Northland Way,Kilcullen,Ireland
17631,Rustie,Laidlow,rlaidlow8l@tinyurl.com,M,(122) 1288209,72 Elka Road,Sandymount,Ireland
17050,Gay,Owers,gowers8m@booking.com,F,(646) 3575906,42 Arapahoe Pass,Glasnevin,Ireland
11844,Rivalee,Newtown,rnewtown8n@nymag.com,F,(683) 3138279,60 Lighthouse Bay Terrace,Cloyne,Ireland
15599,Cindy,Goodfellowe,cgoodfellowe8o@answers.com,F,(713) 5186471,2568 Scoville Road,Old Kilcullen,Ireland
11498,Bernadina,Tully,btully8p@unblog.fr,F,(414) 1240162,12 Tennyson Court,Thomastown,Ireland
11238,Cristiano,Deverille,cdeverille8q@alibaba.com,M,(675) 1972094,1210 Melody Circle,Charlesland,Ireland
14654,Cathrin,Elfes,celfes8r@over-blog.com,F,(346) 5546523,7239 Delaware Junction,Ferbane,Ireland
10934,Esteban,Kapelhof,ekapelhof8s@harvard.edu,M,(454) 5768138,20275 Carberry Way,Swords,Ireland
17177,Beverlie,Heart,bheart8t@ucoz.com,F,(373) 3596810,9 Dahle Road,Milltown,Ireland
14370,Aubrie,Stride,astride8u@histats.com,F,(887) 6920095,77 Moland Junction,Kinsale,Ireland
12456,Silvanus,Royan,sroyan8v@unicef.org,M,(277) 8703572,4264 Lien Center,Granard,Ireland
15343,Felix,Heathcott,fheathcott8w@tumblr.com,M,(941) 3512601,4 Helena Crossing,Clifden,Ireland
14020,Gabriell,Rickasse,grickasse8x@sogou.com,F,(220) 8971121,359 Iowa Circle,Moycullen,Ireland
17022,Terrence,Ellard,tellard8y@engadget.com,M,(454) 9173862,80920 Morning Park,Boyle,Ireland
10772,Tabbi,Abbado,tabbado8z@creativecommons.org,F,(854) 5312092,002 Troy Way,Greystones,Ireland
11485,Anya,Galfour,agalfour90@dell.com,F,(677) 6129772,22590 Declaration Parkway,Ratoath,Ireland
12265,Maddi,Scotchmor,mscotchmor91@addthis.com,F,(519) 3546560,14643 Westridge Avenue,Booterstown,Ireland
12118,Tracy,Ferrand,tferrand92@devhub.com,M,(117) 5358426,092 Lakewood Gardens Circle,Bailieborough,Ireland
12964,Corabel,Poleye,cpoleye93@usnews.com,F,(868) 6266767,1 Sauthoff Crossing,Cherryville,Ireland
15287,Hersch,Andreolli,handreolli94@census.gov,M,(237) 4030978,1035 Barby Junction,Oranmore,Ireland
17495,Marline,Dodell,mdodell95@e-recht24.de,F,(176) 7342699,791 Oakridge Park,Charlesland,Ireland
16422,Helena,Glashby,hglashby96@taobao.com,F,(607) 1852608,4 Macpherson Junction,Milltown,Ireland
16403,Ebonee,Eddins,eeddins97@ibm.com,F,(886) 8043188,416 Ohio Drive,Nenagh,Ireland
13382,Cathlene,Rawsthorn,crawsthorn98@tamu.edu,F,(572) 3795592,66595 Northport Center,Naas,Ireland
16121,Randa,Treppas,rtreppas99@google.cn,F,(783) 2545515,28939 Melvin Crossing,Cobh,Ireland
17420,Tresa,Purkess,tpurkess9a@deliciousdays.com,F,(672) 5292965,07 Macpherson Center,Blessington,Ireland
15485,Nikita,Walley,nwalley9b@1und1.de,M,(521) 4642896,02 Merchant Avenue,Templeogue,Ireland
17048,Johnathon,Allchin,jallchin9c@epa.gov,M,(572) 4826024,136 Hanover Avenue,Daingean,Ireland
10477,Rollo,Tower,rtower9d@uol.com.br,M,(997) 5356833,411 Carberry Pass,Kill,Ireland
14847,Abbott,Scherer,ascherer9e@nature.com,M,(924) 4370947,04 Clemons Crossing,Boyle,Ireland
11268,Bondie,Asipenko,basipenko9f@columbia.edu,M,(167) 7037115,480 Mcbride Plaza,Confey,Ireland
17343,Dania,Beynkn,dbeynkn9g@pbs.org,F,(739) 4867375,41 Arrowood Park,Oughterard,Ireland
14064,Lemuel,Trowsdall,ltrowsdall9h@nba.com,M,(326) 5084101,175 Butterfield Circle,Farranacoush,Ireland
12671,Valeria,Deverall,vdeverall9i@360.cn,F,(161) 3330750,44100 Packers Pass,Athy,Ireland
16771,Sherman,Pepall,spepall9j@vimeo.com,M,(420) 7009628,6 Beilfuss Court,Birr,Ireland
16483,Yelena,Perrat,yperrat9k@merriam-webster.com,F,(676) 5749837,0914 Rieder Drive,Youghal,Ireland
11718,Korey,Brinded,kbrinded9l@mac.com,M,(289) 4367042,6145 Debs Plaza,Clonskeagh,Ireland
14378,Dyna,Biaggioli,dbiaggioli9m@netscape.com,F,(701) 3506626,40101 Sheridan Road,Macroom,Ireland
17555,Jacinta,Demer,jdemer9n@soup.io,F,(823) 4376756,130 Duke Way,Bundoran,Ireland
14849,Matty,Ricco,mricco9o@chron.com,M,(708) 6794012,53245 Leroy Way,Athlone,Ireland
12294,Lennie,Osborne,losborne9p@opera.com,M,(930) 5684216,0915 Superior Court,Sandyford,Ireland
11309,Brina,Jowsey,bjowsey9q@cmu.edu,F,(421) 7507646,17 Comanche Plaza,Bailieborough,Ireland
15298,Florida,Blackaby,fblackaby9r@phpbb.com,F,(159) 7007093,30211 Messerschmidt Circle,Foxrock,Ireland
11126,Hayyim,Simpole,hsimpole9s@phpbb.com,M,(770) 3205837,5346 Fulton Road,Bearna,Ireland
10677,Brietta,Martinovsky,bmartinovsky9t@reverbnation.com,F,(383) 7545201,1 Shopko Terrace,Sutton,Ireland
13861,Callie,Sisnett,csisnett9u@cloudflare.com,F,(588) 7720458,7938 Stuart Avenue,Donabate,Ireland
11612,Teressa,Chupin,tchupin9v@google.com.au,F,(542) 2397118,39646 Clemons Lane,Donnycarney,Ireland
12474,Persis,Brome,pbrome9w@ihg.com,F,(683) 4449023,463 Corscot Junction,Sandyford,Ireland
17115,Bucky,Currum,bcurrum9x@yale.edu,M,(868) 4541083,91 Portage Pass,Tuam,Ireland
13908,Augie,Stapels,astapels9y@yellowpages.com,M,(422) 1174310,0994 Sunbrook Court,Sutton,Ireland
13050,Leese,Amorts,lamorts9z@google.es,F,(358) 8920027,3 Moulton Circle,Ballivor,Ireland
15668,Nicolai,Laroze,nlarozea0@google.de,M,(804) 5429150,04 Haas Terrace,Ballymahon,Ireland
16441,Ida,Deware,idewarea1@unc.edu,F,(969) 6320727,7688 Oneill Terrace,Ballisodare,Ireland
17320,Pren,Tussaine,ptussainea2@adobe.com,M,(686) 4129483,934 Northfield Parkway,Rathangan,Ireland
16995,Bartie,Arens,barensa3@seesaa.net,M,(845) 1509835,3 Mendota Pass,Donnycarney,Ireland
17713,Kippy,Sisselot,ksisselota4@engadget.com,M,(597) 3071113,696 Kropf Place,Tralee,Ireland
16818,Guenevere,Briggs,gbriggsa5@rambler.ru,F,(167) 1374987,1368 Homewood Hill,Birr,Ireland
11449,Roman,Mityukov,rmityukova6@china.com.cn,M,(237) 9804214,5210 Lakewood Point,Ratoath,Ireland
13643,Kevin,Damper,kdampera7@123-reg.co.uk,M,(690) 2090192,01191 Kim Lane,Tallaght,Ireland
11247,Fawne,Snedden,fsneddena8@unblog.fr,F,(712) 9072556,0444 Village Green Center,Donegal,Ireland
13140,Bonnie,Romme,brommea9@seattletimes.com,F,(523) 8319363,716 Helena Way,Sutton,Ireland
15042,Christian,Fewlass,cfewlassaa@google.com.au,F,(700) 4167658,357 Luster Junction,Foxrock,Ireland
15115,Lion,Tailby,ltailbyab@seesaa.net,M,(652) 2884803,1 Buena Vista Point,Listowel,Ireland
16041,Cloe,Bernucci,cbernucciac@angelfire.com,F,(707) 3777561,33 Moland Parkway,Cashel,Ireland
13892,Welbie,Kynforth,wkynforthad@yahoo.com,M,(436) 9087416,9 Waywood Plaza,Kinsale,Ireland
12450,Carr,Idle,cidleae@tumblr.com,M,(950) 5051370,1 Barnett Terrace,Kinnegad,Ireland
13988,Christal,Faires,cfairesaf@networkadvertising.org,F,(209) 7839615,0 Farragut Plaza,Ballybofey,Ireland
11858,Anstice,Tumber,atumberag@cafepress.com,F,(626) 5006336,18005 Sheridan Plaza,Longford,Ireland
10785,Eleen,Routh,erouthah@liveinternet.ru,F,(532) 9217985,715 Waubesa Plaza,Ballylinan,Ireland
16419,Felisha,Como,fcomoai@flavors.me,F,(991) 3996540,3832 Red Cloud Court,Birr,Ireland
17767,Pepito,Backen,pbackenaj@boston.com,M,(669) 9109210,0 Fisk Avenue,Milltown,Ireland
11930,Adair,Purchon,apurchonak@live.com,M,(534) 3945810,12 Rowland Junction,Killorglin,Ireland
17900,Quintin,Kaye,qkayeal@nymag.com,M,(269) 6682559,517 Mariners Cove Point,Dublin,Ireland
14880,Kerwin,Bandey,kbandeyam@yahoo.co.jp,M,(245) 6252547,31 Holy Cross Court,Blessington,Ireland
11116,Case,Jerg,cjergan@amazonaws.com,M,(932) 2584608,0145 Rowland Pass,Navan,Ireland
17441,Coreen,Dominichelli,cdominichelliao@booking.com,F,(239) 8665424,6 Maywood Alley,Ballisodare,Ireland
17818,Aylmar,Whittaker,awhittakerap@mail.ru,M,(262) 3157811,72895 Vahlen Plaza,Kilkenny,Ireland
11467,Filippo,Wey,fweyaq@etsy.com,M,(754) 8403259,3 Old Shore Drive,Ashbourne,Ireland
13369,Thurstan,Von Helmholtz,tvonhelmholtzar@nhs.uk,M,(409) 5162742,543 Northwestern Street,Monasterevin,Ireland
11118,Brittney,Dunsire,bdunsireas@go.com,F,(803) 4411019,12029 Rutledge Hill,Monkstown,Ireland
11401,Wini,Dawber,wdawberat@indiegogo.com,F,(242) 2153438,03 Northridge Park,Lucan,Ireland
14961,Marlene,Frodsham,mfrodshamau@parallels.com,F,(352) 2552853,755 Oriole Parkway,Kinsale,Ireland
10643,Sigismundo,Footer,sfooterav@zdnet.com,M,(262) 7674964,3972 Toban Circle,Blessington,Ireland
17968,Caryl,Beckenham,cbeckenhamaw@illinois.edu,M,(186) 7571700,6618 Reindahl Road,Ballivor,Ireland
12187,Corissa,Chessun,cchessunax@sogou.com,F,(910) 3715922,923 Messerschmidt Trail,Gweedore,Ireland
12858,Ilsa,Dryden,idrydenay@virginia.edu,F,(723) 1619038,642 Truax Trail,Bearna,Ireland
11727,Wendie,Kleinfeld,wkleinfeldaz@washingtonpost.com,F,(972) 8567692,66011 Ludington Trail,Confey,Ireland
17497,D'arcy,Fyldes,dfyldesb0@parallels.com,M,(533) 8585541,65 Green Ridge Hill,Eadestown,Ireland
15482,Ivor,Williamson,iwilliamsonb1@arizona.edu,M,(397) 9986777,5310 Chinook Pass,Valleymount,Ireland
11103,Barbette,Denisyev,bdenisyevb2@mapquest.com,F,(808) 2448309,10 Tony Hill,Kildare,Ireland
11200,Jeralee,Kubczak,jkubczakb3@reverbnation.com,F,(624) 7991584,6 Michigan Avenue,Oranmore,Ireland
12863,Lyon,Brockhurst,lbrockhurstb4@histats.com,M,(518) 4627357,3 Mcguire Drive,Cill Airne,Ireland
17376,Bartholomeus,Kernes,bkernesb5@nih.gov,M,(410) 5020666,2517 Loeprich Way,Raphoe,Ireland
14221,Josselyn,Weson,jwesonb6@skyrock.com,F,(339) 4796901,9234 Ramsey Pass,Adare,Ireland
10400,Heindrick,Piecha,hpiechab7@google.com.au,M,(598) 6516776,2326 Lien Crossing,Donnycarney,Ireland
15435,Devan,Lindeman,dlindemanb8@addtoany.com,F,(388) 8364879,642 Truax Way,Donegal,Ireland
12338,Honey,Dellenbach,hdellenbachb9@netscape.com,F,(270) 7996746,63104 Declaration Hill,Castlemartyr,Ireland
13659,Dulcinea,Antoniutti,dantoniuttiba@wisc.edu,F,(825) 6162840,24 Daystar Hill,Kilcullen,Ireland
12572,Lorinda,Golder,lgolderbb@vkontakte.ru,F,(643) 1531622,24 Westend Terrace,Belmullet,Ireland
15409,Vidovik,Croydon,vcroydonbc@bravesites.com,M,(633) 6978090,2 Crescent Oaks Parkway,Arklow,Ireland
10946,Lem,Kemwal,lkemwalbd@webmd.com,M,(324) 1669832,6831 Esker Circle,Malahide,Ireland
10447,Iggie,Apdell,iapdellbe@bizjournals.com,M,(270) 2584742,796 Randy Way,Granard,Ireland
10056,Nanon,Connealy,nconnealybf@qq.com,F,(785) 3901024,129 Melody Circle,Adare,Ireland
10298,Gallard,Everall,geverallbg@live.com,M,(631) 2218103,4 Packers Center,Beaumont,Ireland
16641,Cathleen,Boaler,cboalerbh@ebay.co.uk,F,(474) 5508729,714 Cordelia Avenue,Leixlip,Ireland
13121,Dallon,Prestney,dprestneybi@fastcompany.com,M,(635) 1863703,4231 Kingsford Alley,Moycullen,Ireland
16578,Sarena,Guerrazzi,sguerrazzibj@hp.com,F,(984) 5087656,83 Green Ridge Plaza,Ballylinan,Ireland
14273,Jessalin,Edyson,jedysonbk@tamu.edu,F,(568) 3972867,73 Katie Court,Navan,Ireland
16074,Merla,Chaman,mchamanbl@weebly.com,F,(725) 4514007,848 Browning Drive,Thomastown,Ireland
16032,Zena,Upson,zupsonbm@cam.ac.uk,F,(250) 2592669,4969 Mcguire Parkway,Youghal,Ireland
12867,Ethelind,Ronnay,eronnaybn@pcworld.com,F,(440) 4088680,9701 Artisan Court,Claremorris,Ireland
13620,Caddric,Midgley,cmidgleybo@fc2.com,M,(259) 3805955,06 Bluestem Center,Castlebridge,Ireland
12053,Tanney,Masarrat,tmasarratbp@state.tx.us,M,(121) 1609769,22 Arrowood Trail,Monaghan,Ireland
13694,Craig,Livett,clivettbq@shop-pro.jp,M,(283) 8611759,882 Dovetail Road,Killumney,Ireland
12600,Amery,Iacoviello,aiacoviellobr@dyndns.org,M,(319) 4433648,74 American Ash Pass,Templeogue,Ireland
15388,Lucias,Herety,lheretybs@google.ru,M,(749) 7308584,923 Marquette Plaza,Tralee,Ireland
10205,Phyllys,Keel,pkeelbt@netscape.com,F,(525) 9956625,3819 Pennsylvania Circle,Ballinteer,Ireland
13231,Mitchell,Orto,mortobu@acquirethisname.com,M,(636) 5836910,65502 Carioca Avenue,Ballina,Ireland
17592,Kean,Rapley,krapleybv@com.com,M,(258) 4495959,76 Birchwood Circle,Kinnegad,Ireland
17510,Liesa,Eouzan,leouzanbw@goodreads.com,F,(827) 3701557,33802 Golf View Avenue,Dungloe,Ireland
15238,Bank,Fairweather,bfairweatherbx@wikipedia.org,M,(771) 8152677,78 Arapahoe Street,Ratoath,Ireland
17987,Ilene,Nipper,inipperby@tinypic.com,F,(215) 3768112,28383 Warbler Lane,Portumna,Ireland
17939,Kit,Rosson,krossonbz@tumblr.com,M,(516) 9004137,5 Cardinal Point,Monkstown,Ireland
15605,Marcela,Orro,morroc0@amazonaws.com,F,(610) 3859274,02914 Comanche Court,Sandyford,Ireland
12711,Erastus,Stredder,estredderc1@g.co,M,(405) 3966149,860 Washington Crossing,Carrigtwohill,Ireland
11280,Carlene,Hydes,chydesc2@etsy.com,F,(229) 5850273,227 Northwestern Lane,Donnybrook,Ireland
17229,Kristos,Peters,kpetersc3@youtube.com,M,(695) 1407792,806 Coolidge Avenue,Clifden,Ireland
10964,Robbyn,Leadbeater,rleadbeaterc4@dailymotion.com,F,(824) 4305621,6052 Rusk Way,Ashford,Ireland
16790,Gaultiero,Fulks,gfulksc5@baidu.com,M,(536) 3788528,0280 Namekagon Street,Thomastown,Ireland
17542,Weider,Kellegher,wkellegherc6@people.com.cn,M,(667) 6410695,9358 Mccormick Crossing,Tower,Ireland
14891,Katherine,Gierth,kgierthc7@booking.com,F,(197) 9652897,43 Mccormick Crossing,Edgeworthstown,Ireland
16746,Melonie,Croix,mcroixc8@telegraph.co.uk,F,(342) 9217212,83386 Mifflin Avenue,Carrigtwohill,Ireland
12876,Cornie,Stillert,cstillertc9@oracle.com,F,(974) 3632682,871 Pine View Road,Dungloe,Ireland
11402,Willis,Aynold,waynoldca@t.co,M,(726) 9689199,4410 Packers Terrace,Glasnevin,Ireland
12237,Gerald,Ainscough,gainscoughcb@stanford.edu,M,(896) 6472667,08 Lyons Way,Kiltamagh,Ireland
10479,Kristan,Riste,kristecc@dedecms.com,F,(687) 6586266,360 Stone Corner Circle,Ballyboden,Ireland
16758,Syman,Stoddard,sstoddardcd@who.int,M,(331) 8856415,4733 Coleman Circle,Ballyhaunis,Ireland
15052,Sonny,Lestor,slestorce@weibo.com,M,(559) 2723789,97 Ludington Hill,Gort,Ireland
16285,Jehu,Bridson,jbridsoncf@icq.com,M,(683) 7819235,610 East Crossing,Blarney,Ireland
13824,Diarmid,Sprull,dsprullcg@ftc.gov,M,(389) 4792635,9366 Southridge Terrace,Killumney,Ireland
13768,Karolina,Lescop,klescopch@jimdo.com,F,(696) 5637933,4947 Loomis Crossing,Ashford,Ireland
12591,Hedwig,Southernwood,hsouthernwoodci@rediff.com,F,(260) 4069496,543 Thierer Center,Moate,Ireland
13472,Ceciley,Lamas,clamascj@nature.com,F,(925) 1383990,6 Moulton Plaza,Ardee,Ireland
11741,Katya,Yorkston,kyorkstonck@amazon.co.uk,F,(538) 6775153,6647 Springs Way,Drumcondra,Ireland
16653,Marianne,Sterre,msterrecl@chicagotribune.com,F,(462) 6075205,5980 Charing Cross Plaza,Lucan,Ireland
11357,Ealasaid,Quogan,equogancm@cloudflare.com,F,(255) 8908310,1494 Bobwhite Avenue,Valleymount,Ireland
12368,Nissie,Rodders,nrodderscn@wsj.com,F,(634) 4639757,25631 Logan Junction,Cill Airne,Ireland
13481,Ronny,Westoll,rwestollco@macromedia.com,F,(159) 1592443,68 Calypso Alley,Ballyjamesduff,Ireland
15933,Dana,Sikora,dsikoracp@amazon.co.jp,F,(332) 4130733,0 Hintze Avenue,Cill Airne,Ireland
10259,Betta,Dumpleton,bdumpletoncq@1688.com,F,(630) 7451127,17 Quincy Street,Dublin,Ireland
10226,Alberta,Myerscough,amyerscoughcr@barnesandnoble.com,F,(553) 9131686,8 Riverside Center,Tuam,Ireland
11907,Noelani,Hardwick,nhardwickcs@oaic.gov.au,F,(523) 8222978,7 Crescent Oaks Plaza,Shankill,Ireland
14345,Aluin,Headford,aheadfordct@nyu.edu,M,(181) 9856671,3073 Nova Way,Cill Airne,Ireland
17692,Cherice,Lofthouse,clofthousecu@free.fr,F,(136) 7331960,2157 Burning Wood Way,Donegal,Ireland
13975,Piper,Cummungs,pcummungscv@youtu.be,F,(217) 5979848,266 Trailsway Circle,Athlone,Ireland
13339,Geri,Boult,gboultcw@shareasale.com,M,(490) 5964382,9 7th Junction,Thomastown,Ireland
14142,Lita,McBrier,lmcbriercx@microsoft.com,F,(695) 8550587,252 Katie Trail,Carrigtwohill,Ireland
13760,Grove,Muzzi,gmuzzicy@live.com,M,(215) 5322426,4303 Reindahl Drive,Moycullen,Ireland
17872,Herby,Picot,hpicotcz@aboutads.info,M,(198) 2635362,53947 Arkansas Junction,Monaghan,Ireland
16802,Hunfredo,Coppens,hcoppensd0@mac.com,M,(947) 8433559,000 Jackson Way,Farranacoush,Ireland
15113,Peterus,Macvain,pmacvaind1@123-reg.co.uk,M,(240) 7314158,4 Bonner Place,Dublin,Ireland
17834,Ambrosi,Keyson,akeysond2@mayoclinic.com,M,(243) 6184494,15 Lerdahl Crossing,Ballyhaunis,Ireland
10392,Basia,Midgley,bmidgleyd3@dailymotion.com,F,(195) 8011090,3 Gerald Point,Ardee,Ireland
12988,Kevyn,Augie,kaugied4@indiatimes.com,F,(422) 7396081,1 Sundown Crossing,Belmullet,Ireland
14159,Almeda,Collip,acollipd5@squidoo.com,F,(809) 7806739,5 Grover Road,Birr,Ireland
11677,Averil,Copello,acopellod6@army.mil,M,(464) 8171547,7238 Superior Place,Swinford,Ireland
16060,Celie,Schwieso,cschwiesod7@amazon.com,F,(792) 3402998,130 Calypso Parkway,Nenagh,Ireland
13431,Lilly,Kelloch,lkellochd8@gnu.org,F,(283) 7711875,2935 Ludington Park,Navan,Ireland
14116,Hervey,Crewe,hcrewed9@google.com.br,M,(723) 4810332,07030 Linden Alley,Castlebridge,Ireland
15438,Bellina,Merricks,bmerricksda@baidu.com,F,(498) 4745313,22236 Bartillon Crossing,Longford,Ireland
14955,Hodge,Backman,hbackmandb@ask.com,M,(469) 2290587,892 Hagan Park,Virginia,Ireland
13360,Ella,Furzer,efurzerdc@nasa.gov,F,(971) 4715905,3 Troy Pass,Whitegate,Ireland
14253,Kinnie,Ommanney,kommanneydd@goo.ne.jp,M,(155) 9652515,82 Utah Avenue,Longwood,Ireland
16392,Ferdinande,Giraudoux,fgiraudouxde@homestead.com,F,(949) 1718944,211 Mcbride Plaza,Booterstown,Ireland
16831,Ewell,La Grange,elagrangedf@buzzfeed.com,M,(589) 2850437,69500 Donald Trail,Ballisodare,Ireland
10804,Corie,Jemmison,cjemmisondg@tmall.com,F,(888) 4033073,06 West Parkway,Donegal,Ireland
10481,Hartley,Wedderburn,hwedderburndh@printfriendly.com,M,(788) 8674108,1 Rieder Pass,Listowel,Ireland
11415,Damon,Rozalski,drozalskidi@barnesandnoble.com,M,(579) 5666978,5078 Johnson Parkway,Gorey,Ireland
16988,Gilli,Ferraron,gferrarondj@imageshack.us,F,(405) 8966757,6856 Lakeland Junction,Adare,Ireland
13365,Ben,Bech,bbechdk@sohu.com,M,(635) 1166337,99285 Tennessee Circle,Dungarvan,Ireland
15897,Filip,Dmitr,fdmitrdl@g.co,M,(278) 1265627,7 5th Alley,Cavan,Ireland
11467,Moira,Staneland,mstanelanddm@topsy.com,F,(286) 8205741,0444 Declaration Lane,Old Kilcullen,Ireland
12137,Merell,Linck,mlinckdn@liveinternet.ru,M,(353) 3988420,17644 Barby Plaza,Swinford,Ireland
12296,Charo,Draysay,cdraysaydo@sphinn.com,F,(130) 8023856,16 Southridge Junction,Gort,Ireland
10491,Johnathan,Sebrens,jsebrensdp@squidoo.com,M,(544) 5658824,760 Everett Hill,Bantry,Ireland
17875,Cyril,Bazire,cbaziredq@who.int,M,(639) 7259574,9319 East Park,Templeogue,Ireland
14230,Mona,Wolfendale,mwolfendaledr@latimes.com,F,(959) 2580900,37576 Graedel Street,Ferbane,Ireland
15744,Jany,Manshaw,jmanshawds@nba.com,F,(286) 2940358,4044 Derek Street,Donabate,Ireland
12276,Yale,Malamore,ymalamoredt@issuu.com,M,(231) 5696420,10122 Roth Terrace,Rathdrum,Ireland
11217,Caldwell,Leveridge,cleveridgedu@g.co,M,(169) 7636264,7 Monica Trail,Kinnegad,Ireland
14805,Brand,Plimmer,bplimmerdv@npr.org,M,(156) 1621427,91 Cardinal Alley,Clifden,Ireland
11588,Georgiana,Dudin,gdudindw@biblegateway.com,F,(935) 1526775,61693 Barnett Crossing,Askeaton,Ireland
10195,Bourke,Liversage,bliversagedx@nymag.com,M,(140) 3267778,13 Mayer Pass,Eadestown,Ireland
11552,Graeme,Jannasch,gjannaschdy@ihg.com,M,(245) 9591027,89 Sheridan Parkway,Clonskeagh,Ireland
13346,Allayne,Brodley,abrodleydz@house.gov,M,(455) 1407055,9325 Forest Run Parkway,Bearna,Ireland
15734,Reinwald,Vreiberg,rvreiberge0@dell.com,M,(708) 6879752,505 Luster Center,Sandyford,Ireland
15402,Adrian,Supple,asupplee1@homestead.com,F,(972) 7797830,824 Golf Course Court,Drumcondra,Ireland
14616,Korie,Dawby,kdawbye2@alibaba.com,F,(582) 2254004,2 Prairie Rose Alley,Aughrim,Ireland
12427,Charmaine,Fetteplace,cfetteplacee3@so-net.ne.jp,F,(570) 1773753,0655 Sauthoff Junction,Clogherhead,Ireland
13588,Ferguson,Moncarr,fmoncarre4@guardian.co.uk,M,(443) 5130616,50148 Old Gate Plaza,Stradbally,Ireland
16779,Sena,McGaughie,smcgaughiee5@devhub.com,F,(319) 4118449,1070 Mifflin Terrace,Ardee,Ireland
16981,Valle,Jendrys,vjendryse6@buzzfeed.com,M,(667) 3281006,47888 Arapahoe Alley,Leixlip,Ireland
17906,Alexander,Cromarty,acromartye7@tinypic.com,M,(750) 2234945,4500 Union Avenue,Tullyallen,Ireland
10024,Cully,Collyns,ccollynse8@apache.org,M,(525) 3913595,5 Dottie Center,Dungarvan,Ireland
10454,Broddie,Northcote,bnorthcotee9@artisteer.com,M,(301) 5419472,945 Mcguire Place,Killorglin,Ireland
12434,Normy,Jacombs,njacombsea@vkontakte.ru,M,(848) 7832026,964 Debra Center,Edgeworthstown,Ireland
12532,Carter,Keniwell,ckeniwelleb@washington.edu,M,(954) 3007234,530 Debra Lane,Ballinteer,Ireland
14709,Berton,Corradetti,bcorradettiec@google.ru,M,(448) 2147362,3402 Saint Paul Plaza,Rathnew,Ireland
17552,Elton,Malyon,emalyoned@cornell.edu,M,(817) 9113980,55 Reinke Pass,Balrothery,Ireland
15894,Luigi,Creamer,lcreameree@japanpost.jp,M,(191) 1207262,84471 South Center,Listowel,Ireland
11529,Rafe,Luto,rlutoef@npr.org,M,(618) 1237700,88 Walton Hill,Leixlip,Ireland
11105,Cornall,Yewman,cyewmaneg@apple.com,M,(306) 3879026,5 Schiller Junction,Cabinteely,Ireland
11642,Annabal,Burgoine,aburgoineeh@jugem.jp,F,(401) 3746910,03836 Nelson Circle,Ballybofey,Ireland
12952,Dacy,Pietruszewicz,dpietruszewiczei@altervista.org,F,(147) 7538943,85170 Gulseth Court,Whitegate,Ireland
13653,Tarrah,Jachimiak,tjachimiakej@boston.com,F,(215) 5995658,50 Hintze Lane,Oranmore,Ireland
14724,Tiphani,Huerta,thuertaek@ted.com,F,(660) 1927568,7423 Summit Place,Loughrea,Ireland
14975,Trevor,Radmore,tradmoreel@yelp.com,M,(840) 1100052,8 Summerview Park,Enniskerry,Ireland
14458,Rozele,Baldoni,rbaldoniem@arizona.edu,F,(255) 6582787,09 Spenser Way,Balrothery,Ireland
14058,Marshall,Dunstall,mdunstallen@people.com.cn,M,(180) 9218827,60 Declaration Road,Charlesland,Ireland
13811,Torie,Tilio,ttilioeo@purevolume.com,F,(370) 2977261,3 Warbler Center,Confey,Ireland
13783,Bink,Giampietro,bgiampietroep@pen.io,M,(556) 9975701,40729 Cottonwood Park,Balrothery,Ireland
15811,Harmonia,Joe,hjoeeq@netscape.com,F,(926) 9644929,4 Lotheville Parkway,Ferbane,Ireland
10672,Hymie,Squier,hsquierer@google.es,M,(220) 3492676,175 Arizona Lane,Tralee,Ireland
14093,Axel,Dimitrescu,adimitrescues@friendfeed.com,M,(879) 6053807,8506 Wayridge Drive,Tallaght,Ireland
11473,Allys,Humblestone,ahumblestoneet@ning.com,F,(727) 4105730,61699 Calypso Center,Beaumont,Ireland
14824,Joletta,Lording,jlordingeu@photobucket.com,F,(218) 6014279,4817 Banding Court,Listowel,Ireland
11388,Tami,Plastow,tplastowev@mayoclinic.com,F,(163) 3765300,00694 Debs Road,Raheny,Ireland
10913,Corey,Cattroll,ccattrollew@fotki.com,M,(730) 5130070,66389 Moulton Avenue,Watergrasshill,Ireland
11694,Nell,Islip,nislipex@epa.gov,F,(373) 5492785,505 Pennsylvania Circle,Bagenalstown,Ireland
17376,Neila,Lavall,nlavalley@mysql.com,F,(568) 2211332,9106 Acker Terrace,Raphoe,Ireland
17933,Shoshanna,Bromell,sbromellez@mashable.com,F,(873) 4219580,85 Emmet Hill,Ballisodare,Ireland
11063,Caria,Sparry,csparryf0@harvard.edu,F,(811) 8663450,277 Center Point,Sutton,Ireland
12051,Jenda,Golton,jgoltonf1@uiuc.edu,F,(308) 7781555,30 Roxbury Street,Blarney,Ireland
14249,Lawton,Mottram,lmottramf2@examiner.com,M,(465) 1190403,717 Sommers Trail,Ashbourne,Ireland
10036,Pansy,Matzkaitis,pmatzkaitisf3@hud.gov,F,(482) 8803228,623 Hagan Trail,Oranmore,Ireland
12425,Ilario,Algy,ialgyf4@qq.com,M,(545) 1359687,0197 Washington Park,Monaghan,Ireland
15017,Gregorio,Denekamp,gdenekampf5@yahoo.co.jp,M,(140) 4527630,28205 Shelley Alley,Claremorris,Ireland
12103,Danyette,Haycox,dhaycoxf6@chron.com,F,(717) 5014410,112 Main Drive,Blarney,Ireland
11623,Joleen,Kewish,jkewishf7@desdev.cn,F,(897) 2986994,0499 Vahlen Way,Longwood,Ireland
10262,Ebenezer,Bonwell,ebonwellf8@sbwire.com,M,(872) 6784062,36 Nova Center,Midleton,Ireland
16288,Karlan,Alfonzo,kalfonzof9@nationalgeographic.com,M,(169) 4456626,38270 Waubesa Court,Kiltamagh,Ireland
17372,Cosetta,Mauro,cmaurofa@yahoo.com,F,(577) 9179753,011 Veith Trail,Donnycarney,Ireland
13737,Arron,McKelvey,amckelveyfb@delicious.com,M,(252) 9100760,685 Truax Point,Tower,Ireland
12753,Ardella,Danniel,adannielfc@multiply.com,F,(211) 7846907,0507 Lake View Center,Kinsale,Ireland
10536,Riannon,Ezzle,rezzlefd@jiathis.com,F,(809) 9223770,706 Oneill Alley,Bearna,Ireland
12630,Ichabod,Dunbleton,idunbletonfe@uol.com.br,M,(662) 3706759,33174 Village Green Terrace,Ratoath,Ireland
17569,Taffy,Cleiment,tcleimentff@java.com,F,(203) 3208488,16 Truax Court,Milltown,Ireland
13668,Wynnie,Blastock,wblastockfg@ca.gov,F,(291) 1805303,9643 Pond Lane,Castlebridge,Ireland
16788,Sibyl,Mackett,smackettfh@cocolog-nifty.com,F,(405) 6493581,63925 Warner Crossing,Swords,Ireland
14590,Laughton,Scholard,lscholardfi@accuweather.com,M,(843) 5671922,728 Commercial Terrace,Killorglin,Ireland
14677,Inigo,Jovovic,ijovovicfj@wp.com,M,(750) 1099108,846 Utah Park,Ashford,Ireland
12748,Scottie,Dommerque,sdommerquefk@123-reg.co.uk,M,(310) 9352676,4727 Magdeline Trail,Bantry,Ireland
10848,Enoch,Illes,eillesfl@exblog.jp,M,(977) 3583833,56725 Eastwood Court,Listowel,Ireland
11333,Aurthur,Fruish,afruishfm@eventbrite.com,M,(626) 6432538,63366 Bunker Hill Street,Lucan,Ireland
11238,Allie,Sawkin,asawkinfn@list-manage.com,F,(211) 3968656,7554 Vernon Road,Swords,Ireland
12055,Godfry,Suggate,gsuggatefo@blogs.com,M,(277) 1773512,8 Eggendart Crossing,Raphoe,Ireland
17968,Etan,Rumbellow,erumbellowfp@sitemeter.com,M,(972) 9658814,52 Jay Point,Claremorris,Ireland
11484,Annmarie,Wait,awaitfq@amazon.com,F,(738) 3437351,65153 Sheridan Crossing,Dunmanway,Ireland
13770,Arvie,Ramsell,aramsellfr@lycos.com,M,(101) 1921925,85515 Graedel Park,Listowel,Ireland
12375,Fredek,MacAvddy,fmacavddyfs@google.it,M,(236) 1685721,684 Debs Lane,Portarlington,Ireland
14109,Lizbeth,Wann,lwannft@google.ca,F,(888) 1016567,8 Stoughton Park,Caherconlish,Ireland
16252,Irvin,McLeod,imcleodfu@domainmarket.com,M,(695) 6633331,47 Parkside Road,Prosperous,Ireland
11051,Mollee,Shute,mshutefv@miibeian.gov.cn,F,(319) 1117345,35 Caliangt Court,Castlepollard,Ireland
12942,Nert,Ades,nadesfw@wikispaces.com,F,(666) 8082508,41147 Amoth Place,Stradbally,Ireland
16552,Kurt,Dietzler,kdietzlerfx@netlog.com,M,(314) 7624212,62918 Fallview Junction,Kilcullen,Ireland
10936,Gerik,Roback,grobackfy@is.gd,M,(876) 7565032,37395 Towne Trail,Swinford,Ireland
11326,Jessi,Bootyman,jbootymanfz@typepad.com,F,(365) 5095621,313 Hintze Place,Greystones,Ireland
17596,Uri,MacAllen,umacalleng0@github.com,M,(352) 8593491,182 Pankratz Court,Daingean,Ireland
17141,Imogen,Beelby,ibeelbyg1@blogspot.com,F,(181) 5110868,56 Sommers Point,Portumna,Ireland
15677,Bianca,Theseira,btheseirag2@mlb.com,F,(239) 4128749,88 Nancy Park,Valleymount,Ireland
10202,Drucill,Poveleye,dpoveleyeg3@skype.com,F,(889) 2055374,987 Badeau Street,Rathwire,Ireland
11922,Bran,Inde,bindeg4@mozilla.org,M,(412) 3592977,95830 Havey Avenue,Ballymahon,Ireland
17802,Audre,Moscon,amoscong5@plala.or.jp,F,(336) 9970855,6037 Eagan Center,Portarlington,Ireland
12793,Mora,Lapides,mlapidesg6@live.com,F,(617) 7878855,46 Anderson Court,Swinford,Ireland
13135,Hew,Canto,hcantog7@npr.org,M,(209) 6382699,14159 Hanover Terrace,Glasnevin,Ireland
17256,Elsy,Pipe,epipeg8@freewebs.com,F,(570) 7792123,4 Drewry Crossing,Swinford,Ireland
15808,Liam,Phythien,lphythieng9@gov.uk,M,(358) 3181997,6296 Gina Trail,Mullagh,Ireland
16607,Ugo,Grimsdith,ugrimsdithga@elegantthemes.com,M,(901) 5598188,2365 Northland Pass,Adare,Ireland
11044,Pris,Leason,pleasongb@sohu.com,F,(501) 5190296,9 Cardinal Alley,Whitegate,Ireland
15263,Emmanuel,Staden,estadengc@newsvine.com,M,(995) 9961472,721 Coolidge Court,Nenagh,Ireland
10700,Herminia,Satchel,hsatchelgd@exblog.jp,F,(234) 6707777,90261 Bartillon Street,Old Kilcullen,Ireland
11692,Hart,Cucinotta,hcucinottage@macromedia.com,M,(736) 3498905,063 Bunker Hill Plaza,Boyle,Ireland
16397,Quintus,Sinnocke,qsinnockegf@youtube.com,M,(294) 4835515,602 Warrior Lane,Blarney,Ireland
10127,Albie,Jeafferson,ajeaffersongg@privacy.gov.au,M,(840) 3619339,8 Thompson Terrace,Foxrock,Ireland
12236,Sylvia,Ragsdall,sragsdallgh@4shared.com,F,(884) 8438691,1302 Red Cloud Court,Blessington,Ireland
14316,Tanhya,Tuohy,ttuohygi@digg.com,F,(781) 2380099,303 Del Sol Hill,Ratoath,Ireland
14902,Valry,Lissimore,vlissimoregj@t.co,F,(370) 2505716,8 Summerview Park,Caherconlish,Ireland
16262,Lorinda,Fleckness,lflecknessgk@bloomberg.com,F,(593) 6471728,865 Hazelcrest Park,Naas,Ireland
15258,Daphna,Langforth,dlangforthgl@tamu.edu,F,(113) 5937684,4 Tony Park,Dromiskin,Ireland
10967,Vincents,Gentric,vgentricgm@wsj.com,M,(553) 1384496,9 Holy Cross Park,Midleton,Ireland
13974,Suellen,Stonard,sstonardgn@theatlantic.com,F,(484) 6863446,0749 Welch Terrace,Enniskerry,Ireland
10380,Levy,Hoyes,lhoyesgo@intel.com,M,(894) 9200049,0 6th Crossing,Rathdrum,Ireland
13922,Midge,Dutson,mdutsongp@accuweather.com,F,(932) 5450688,507 Claremont Drive,Skibbereen,Ireland
16365,Verna,Schuck,vschuckgq@eventbrite.com,F,(608) 5358402,5 Beilfuss Road,Cobh,Ireland
11245,Audrye,Flanders,aflandersgr@g.co,F,(374) 8106570,420 Dapin Hill,Boyle,Ireland
13743,Nikki,Lembke,nlembkegs@mit.edu,F,(504) 5811723,17157 Twin Pines Parkway,Lusk,Ireland
17336,Berte,Waslin,bwaslingt@nymag.com,F,(276) 9309617,9 Monica Street,Tallaght,Ireland
13875,Ashly,Stempe,astempegu@europa.eu,F,(954) 2542840,4 Porter Trail,Annacotty,Ireland
17705,Sidonnie,Bourdis,sbourdisgv@bigcartel.com,F,(420) 9416248,293 Jana Parkway,Kilmacanoge,Ireland
13560,Ileane,Tschierse,itschiersegw@tmall.com,F,(912) 7060600,87855 Loftsgordon Hill,Aghada,Ireland
15576,Lauraine,Cable,lcablegx@google.co.jp,F,(561) 4578339,57 West Lane,Boyle,Ireland
14901,Howard,Yateman,hyatemangy@twitpic.com,M,(158) 7889547,23864 Golden Leaf Plaza,Shankill,Ireland
14224,Minnaminnie,Avon,mavongz@hibu.com,F,(874) 1394975,80 Barnett Terrace,Athlone,Ireland
12056,Elmira,Minghetti,eminghettih0@npr.org,F,(652) 5183161,9 Northridge Hill,Arklow,Ireland
11566,Anastasia,Holborn,aholbornh1@harvard.edu,F,(867) 2876123,8 Lakeland Park,Cherryville,Ireland
13099,Chris,Valdes,cvaldesh2@huffingtonpost.com,F,(377) 1732189,38117 Old Gate Way,Cobh,Ireland
17569,Ced,Mingardo,cmingardoh3@woothemes.com,M,(767) 9252922,67441 4th Plaza,Loughrea,Ireland
14560,Paton,Laible,plaibleh4@naver.com,M,(597) 4447346,9 Hayes Point,Bayside,Ireland
12332,Mary,Holley,mholleyh5@devhub.com,F,(166) 5367145,8729 Westport Place,Moycullen,Ireland
10510,Isaiah,Flint,iflinth6@engadget.com,M,(353) 3544496,9087 Glacier Hill Plaza,Skibbereen,Ireland
14049,Alonso,Aldersea,aalderseah7@globo.com,M,(784) 2116458,98482 Burning Wood Street,Dundrum,Ireland
11369,Patrice,Fardoe,pfardoeh8@t-online.de,M,(805) 1571301,1069 Luster Alley,Loughrea,Ireland
12445,Robinetta,Falconer-Taylor,rfalconertaylorh9@amazonaws.com,F,(159) 5552607,16 Myrtle Parkway,Athlone,Ireland
13887,Louise,Treneer,ltreneerha@vistaprint.com,F,(722) 7958774,1 Bashford Place,Annacotty,Ireland
13520,Correy,Dorkins,cdorkinshb@cam.ac.uk,F,(599) 1166230,8 Shopko Avenue,Castlemartyr,Ireland
10397,Elvis,Bowdler,ebowdlerhc@pen.io,M,(323) 5176804,32 Clarendon Place,Dalkey,Ireland
13170,Osbourne,Ferrone,oferronehd@yandex.ru,M,(804) 6688595,581 Lunder Terrace,Dunmanway,Ireland
12640,Janis,Ainsworth,jainsworthhe@google.ca,F,(279) 6643130,21157 Raven Junction,Portumna,Ireland
15839,Amelina,Damsell,adamsellhf@ucsd.edu,F,(806) 2036271,74 Paget Street,Birr,Ireland
11230,Brice,Hebbes,bhebbeshg@webnode.com,M,(423) 6223664,510 Brentwood Crossing,Gorey,Ireland
10519,Ches,Frostdyke,cfrostdykehh@bbc.co.uk,M,(986) 1959803,2 Heffernan Point,Prosperous,Ireland
10215,Cherin,Weedenburg,cweedenburghi@drupal.org,F,(390) 2855974,8690 Pond Way,Bagenalstown,Ireland
12513,Aldric,Mellanby,amellanbyhj@sogou.com,M,(564) 2888196,19 Luster Crossing,Caherconlish,Ireland
17669,Phylys,Ganter,pganterhk@mysql.com,F,(211) 7097322,72563 Meadow Vale Place,Carrigtwohill,Ireland
11649,Imelda,Goulter,igoulterhl@oracle.com,F,(141) 6330955,6564 Atwood Junction,Fairview,Ireland
12585,Viole,McGillicuddy,vmcgillicuddyhm@mtv.com,F,(231) 4147117,8 West Center,Tallaght,Ireland
10756,Aristotle,McConigal,amcconigalhn@mozilla.com,M,(633) 5377674,939 Kings Parkway,Raphoe,Ireland
10162,Braden,Spinola,bspinolaho@scientificamerican.com,M,(891) 7573558,25638 Gerald Avenue,Ballyboden,Ireland
10228,Brendon,Teape,bteapehp@comcast.net,M,(216) 4206989,942 Dixon Alley,Daingean,Ireland
13878,Ernst,Mewis,emewishq@irs.gov,M,(357) 5008983,412 Hallows Terrace,Bailieborough,Ireland
12122,Brana,Goldbourn,bgoldbournhr@sakura.ne.jp,F,(986) 1646504,3804 Waubesa Alley,Monkstown,Ireland
11055,Felipa,De Cruce,fdecrucehs@nytimes.com,F,(354) 4194876,061 John Wall Court,Castlepollard,Ireland
11316,Annamarie,Haddacks,ahaddacksht@google.com.br,F,(994) 8960250,480 Cardinal Way,Castlebellingham,Ireland
16479,Duky,Stovin,dstovinhu@linkedin.com,M,(289) 8379144,882 American Ash Circle,Claremorris,Ireland
17986,Hilly,Lashford,hlashfordhv@gizmodo.com,M,(659) 2140012,747 Heath Drive,Annacotty,Ireland
14969,Dierdre,Greenless,dgreenlesshw@house.gov,F,(626) 3483059,80340 Kedzie Avenue,Clondalkin,Ireland
14855,Peri,Vonasek,pvonasekhx@goo.ne.jp,F,(673) 3540409,9 Declaration Plaza,Castlepollard,Ireland
14890,Homer,Lambard,hlambardhy@yelp.com,M,(177) 7722886,1746 Charing Cross Crossing,Castleblayney,Ireland
13462,Sandy,Kinlock,skinlockhz@imgur.com,M,(583) 4494400,37717 Thompson Hill,Enniskerry,Ireland
10982,Freemon,Ygoe,fygoei0@usa.gov,M,(750) 3860891,26124 Erie Circle,Gort,Ireland
13280,Dolley,Tewkesberry,dtewkesberryi1@census.gov,F,(983) 7700378,9624 Forster Center,Youghal,Ireland
13837,Cherye,Cason,ccasoni2@redcross.org,F,(971) 8465153,1 Beilfuss Parkway,Blessington,Ireland
15868,Genna,Anscott,ganscotti3@answers.com,F,(882) 2413815,9888 Sheridan Drive,Askeaton,Ireland
12095,Teddie,Romer,tromeri4@oaic.gov.au,M,(670) 1415090,664 Longview Way,Kilkenny,Ireland
15429,Chicky,Donativo,cdonativoi5@ycombinator.com,M,(456) 2253637,60 Mockingbird Park,Monaghan,Ireland
10128,Fidelity,Claasen,fclaaseni6@wordpress.org,F,(418) 8122484,03 Loomis Point,Swords,Ireland
12900,Betsy,Haylett,bhayletti7@homestead.com,F,(660) 4764978,64 Stoughton Park,Donabate,Ireland
12175,Carmela,Solleme,csollemei8@cafepress.com,F,(229) 8799378,97545 Delladonna Trail,Donabate,Ireland
17834,Layla,Wards,lwardsi9@illinois.edu,F,(926) 7601730,470 Melvin Avenue,Gweedore,Ireland
16942,Robenia,Dufore,rduforeia@elpais.com,F,(966) 6348456,10981 Declaration Circle,Donnycarney,Ireland
15744,Brenden,Colcomb,bcolcombib@pinterest.com,M,(852) 7529023,173 Declaration Alley,Ballyhaunis,Ireland
10569,Den,Moyser,dmoyseric@ucsd.edu,M,(523) 4315589,245 Vahlen Terrace,Gorey,Ireland
11966,Lanae,Mattheis,lmattheisid@hostgator.com,F,(196) 1553205,5 Mayfield Junction,Ballymahon,Ireland
11798,Lew,Harsnep,lharsnepie@hostgator.com,M,(989) 3354345,8871 Maple Wood Lane,Clonskeagh,Ireland
17270,Dorian,Drewet,ddrewetif@wufoo.com,F,(195) 8172173,1245 Florence Hill,Sandymount,Ireland
17748,Evita,Soan,esoanig@skype.com,F,(873) 2086503,0 Morning Center,Greenhills,Ireland
16062,Amabel,Douthwaite,adouthwaiteih@timesonline.co.uk,F,(467) 6380428,74486 Mifflin Point,Dublin,Ireland
15676,Lavinia,Linfoot,llinfootii@imgur.com,F,(830) 3014557,1006 Delaware Pass,Milltown,Ireland
15911,Jarred,Kristiansen,jkristiansenij@bluehost.com,M,(948) 2595666,590 Melody Center,Ballyjamesduff,Ireland
15804,Shawn,Fettis,sfettisik@qq.com,M,(994) 3361880,3 Pennsylvania Circle,Ashford,Ireland
14091,Lev,Krollmann,lkrollmannil@npr.org,M,(892) 8639653,5855 Scofield Way,Monasterevin,Ireland
12140,Karlik,Mapham,kmaphamim@google.it,M,(877) 5657192,99785 Cherokee Pass,Athy,Ireland
15171,Nappy,Philot,nphilotin@360.cn,M,(469) 8046139,11840 Esker Plaza,Oughterard,Ireland
15449,Weider,Izard,wizardio@marriott.com,M,(773) 3867017,1489 Butternut Court,Clifden,Ireland
15130,Annie,Eustis,aeustisip@usatoday.com,F,(708) 8105627,54 Scott Street,Ballyjamesduff,Ireland
15184,May,Cowdray,mcowdrayiq@umn.edu,F,(352) 8021185,818 Trailsway Parkway,Leixlip,Ireland
16982,Bibi,Strettle,bstrettleir@reverbnation.com,F,(776) 7845477,2155 Eastwood Park,Booterstown,Ireland
11019,Stan,Coulthard,scoulthardis@last.fm,M,(870) 3441395,6 Myrtle Street,Cobh,Ireland
13487,Julio,Fishe,jfisheit@desdev.cn,M,(348) 5003700,8 Rowland Trail,Castlerea,Ireland
10983,Vinny,Fedynski,vfedynskiiu@slate.com,F,(593) 6977479,57659 Crest Line Park,Clones,Ireland
13951,Constancy,Karel,ckareliv@usnews.com,F,(189) 3266657,6 Elka Place,Ardee,Ireland
15249,Felipa,Choudhury,fchoudhuryiw@amazon.co.uk,F,(672) 1701711,15989 Anderson Street,Askeaton,Ireland
14838,Tallulah,Donnison,tdonnisonix@berkeley.edu,F,(769) 7046022,11 Upham Terrace,Ballymun,Ireland
15567,Ambur,Imm,aimmiy@narod.ru,F,(782) 9816074,9 Drewry Alley,Mallow,Ireland
13543,Maximilien,McShee,mmcsheeiz@archive.org,M,(167) 9725436,78 Holmberg Plaza,Templeogue,Ireland
11688,Zolly,Conn,zconnj0@shareasale.com,M,(860) 2104061,31416 Morningstar Point,Cherryville,Ireland
17376,Debra,Bedle,dbedlej1@google.fr,F,(781) 2828031,640 Judy Terrace,Bantry,Ireland
15328,Alexander,Willoughby,awilloughbyj2@berkeley.edu,M,(540) 8363282,0692 Pawling Plaza,Midleton,Ireland
14738,Angelle,Geaves,ageavesj3@tuttocitta.it,F,(495) 3016879,4 Jana Court,Confey,Ireland
13780,Sansone,Indruch,sindruchj4@parallels.com,M,(813) 9788745,37017 Holmberg Court,Kinsale,Ireland
16717,Nevsa,Adrain,nadrainj5@spiegel.de,F,(887) 8099392,6 Summit Road,Kanturk,Ireland
11235,Kessia,Raft,kraftj6@columbia.edu,F,(284) 9480766,7 Randy Trail,Moate,Ireland
16516,Sayer,Cossum,scossumj7@berkeley.edu,M,(512) 6122638,1 Anthes Place,Fairview,Ireland
13322,Shurlock,Ullyott,sullyottj8@ca.gov,M,(187) 4517603,18 Prentice Street,Clones,Ireland
17379,Ingram,Peile,ipeilej9@amazon.com,M,(204) 8755112,9 Lakewood Avenue,Edgeworthstown,Ireland
17385,Enrico,Aggett,eaggettja@blogspot.com,M,(172) 1967549,79165 Bobwhite Road,Bundoran,Ireland
10967,Devin,McGeady,dmcgeadyjb@typepad.com,M,(653) 8800972,13895 Stuart Trail,Naas,Ireland
16561,Tiphanie,Muxworthy,tmuxworthyjc@freewebs.com,F,(884) 8355623,3528 Barnett Point,Carrigaline,Ireland
13659,Agnes,Crook,acrookjd@prlog.org,F,(121) 4629262,3806 Swallow Way,Athlone,Ireland
12375,Mindy,Fearneley,mfearneleyje@yale.edu,F,(432) 6835970,1633 Kingsford Court,Ballinroad,Ireland
17308,Louella,Jacobovitz,ljacobovitzjf@dell.com,F,(205) 5691198,0 Schlimgen Parkway,Dromiskin,Ireland
12515,Tracy,Shawyer,tshawyerjg@alexa.com,M,(565) 9218229,37 Union Plaza,Birr,Ireland
12618,Rossie,Osmint,rosmintjh@free.fr,M,(780) 2166516,45763 Dixon Hill,Raheny,Ireland
16396,Agustin,Swaile,aswaileji@prweb.com,M,(626) 1176895,520 4th Parkway,Beaumont,Ireland
13755,Boycie,Bernet,bbernetjj@over-blog.com,M,(808) 8039837,96 Springview Avenue,Donnybrook,Ireland
14479,Grata,Portal,gportaljk@google.com.au,F,(738) 9497812,97750 Annamark Parkway,Moate,Ireland
15426,Madel,Downing,mdowningjl@nymag.com,F,(150) 1496316,315 Cherokee Hill,Virginia,Ireland
13722,Nonah,Filipov,nfilipovjm@is.gd,F,(926) 7369098,7 Roth Drive,Moville,Ireland
11229,Frasco,McKissack,fmckissackjn@wisc.edu,M,(275) 2886201,769 Novick Plaza,Dunmanway,Ireland
12203,Tomaso,Accomb,taccombjo@dedecms.com,M,(496) 9394511,065 Green Ridge Road,Bailieborough,Ireland
16988,Averell,Ianetti,aianettijp@disqus.com,M,(465) 2414404,033 Portage Alley,Dundrum,Ireland
13787,Adolf,Rosindill,arosindilljq@e-recht24.de,M,(555) 4605021,5 Melrose Place,Shankill,Ireland
14170,Charmane,Collihole,ccolliholejr@ameblo.jp,F,(109) 1916029,4989 Manitowish Point,Kill,Ireland
11139,Martha,Yo,myojs@cafepress.com,F,(629) 2896053,67 Darwin Street,Prosperous,Ireland
17341,Bobbette,Stagge,bstaggejt@surveymonkey.com,F,(709) 4488814,0191 Homewood Lane,Monasterevin,Ireland
10965,Constance,Ryton,crytonju@howstuffworks.com,F,(618) 2618817,662 Becker Junction,Mullagh,Ireland
15950,Malia,Dresse,mdressejv@discovery.com,F,(380) 1407104,28400 Vidon Junction,Dungloe,Ireland
17363,Burr,Deason,bdeasonjw@sakura.ne.jp,M,(495) 5685105,80 Rockefeller Parkway,Balally,Ireland
16839,Sigismundo,Burgwin,sburgwinjx@japanpost.jp,M,(447) 7239578,441 Golf Course Crossing,Kilcullen,Ireland
12799,Dane,Oxtarby,doxtarbyjy@intel.com,M,(511) 7562822,30 Westerfield Center,Kill,Ireland
11532,Jewell,Adran,jadranjz@tumblr.com,F,(150) 6224305,4 Larry Center,Belmullet,Ireland
11150,Estrellita,Caulier,ecaulierk0@shop-pro.jp,F,(440) 9714913,4673 Westridge Street,Crumlin,Ireland
10596,Anthony,Radbone,aradbonek1@com.com,M,(381) 7467052,10687 Marcy Plaza,Arklow,Ireland
13865,Binky,O'Luby,bolubyk2@washington.edu,M,(266) 7394761,0667 Basil Hill,Cherryville,Ireland
14234,Monroe,Pengilly,mpengillyk3@sun.com,M,(655) 1939904,98200 Lakewood Circle,Donabate,Ireland
17339,Mada,Fomichyov,mfomichyovk4@purevolume.com,F,(614) 8568400,116 Melrose Court,Donegal,Ireland
13019,Christel,Templman,ctemplmank5@nps.gov,F,(786) 8135255,97339 Paget Drive,Oughterard,Ireland
17150,Julienne,Lelievre,jlelievrek6@cornell.edu,F,(641) 8033788,425 Glendale Trail,Balally,Ireland
16166,Candy,Crowden,ccrowdenk7@spotify.com,F,(467) 5492038,61 Lindbergh Place,Portumna,Ireland
12446,Gregor,Maybery,gmayberyk8@businesswire.com,M,(348) 2576304,34 Packers Center,Newmarket on Fergus,Ireland
15297,Davide,Sleath,dsleathk9@seattletimes.com,M,(686) 4664194,0685 Merry Court,Watergrasshill,Ireland
14811,Richard,Gadney,rgadneyka@dot.gov,M,(589) 2726336,742 2nd Way,Fairview,Ireland
10239,Chester,Daddow,cdaddowkb@fema.gov,M,(468) 3334630,2820 Manley Pass,Drumcondra,Ireland
10406,Ginni,De Brett,gdebrettkc@gravatar.com,F,(408) 4051902,42 Dapin Junction,Kill,Ireland
12306,Bartolomeo,Sagrott,bsagrottkd@google.it,M,(568) 2984038,49 Del Mar Center,Dún Laoghaire,Ireland
12674,Crosby,Giametti,cgiamettike@about.com,M,(880) 6531638,50 Sachs Point,Loughrea,Ireland
16635,Cobbie,Episcopio,cepiscopiokf@exblog.jp,M,(883) 3823675,370 Corry Road,Sandyford,Ireland
16107,Stanwood,Van der Velden,svanderveldenkg@surveymonkey.com,M,(627) 5021176,1 West Hill,Kinsealy-Drinan,Ireland
12021,Alonso,Cino,acinokh@google.ru,M,(869) 4561927,5 Larry Hill,Sutton,Ireland
13215,Veronica,Brabbins,vbrabbinski@home.pl,F,(833) 8985155,774 Alpine Parkway,Charlesland,Ireland
17676,Gillie,Bonnet,gbonnetkj@soundcloud.com,F,(712) 3513425,1814 Kim Alley,Mallow,Ireland
16782,Emmy,Tripney,etripneykk@va.gov,F,(416) 8185554,4512 Dottie Center,Ratoath,Ireland
15464,Craggie,Bradnam,cbradnamkl@goo.gl,M,(192) 8337480,3 Brentwood Court,Kingscourt,Ireland
12301,Bree,Foulstone,bfoulstonekm@sphinn.com,F,(664) 4206515,39 Meadow Vale Avenue,Bayside,Ireland
16374,Lester,Wasmuth,lwasmuthkn@dailymail.co.uk,M,(475) 3727346,63231 Twin Pines Park,Dromiskin,Ireland
15206,Alexa,Schwandermann,aschwandermannko@prweb.com,F,(999) 9208877,8 Susan Way,Castlepollard,Ireland
13806,Allx,Greenan,agreenankp@illinois.edu,F,(603) 8191424,67771 Union Trail,Donnycarney,Ireland
17180,Darline,Gilloran,dgillorankq@alibaba.com,F,(661) 6840697,55173 Ramsey Hill,Dalkey,Ireland
12481,Haroun,Offill,hoffillkr@deviantart.com,M,(815) 1946575,9 Jackson Way,Dublin,Ireland
13483,Rancell,D'Cruze,rdcruzeks@businessinsider.com,M,(384) 4461527,70318 Pepper Wood Road,Fairview,Ireland
14169,Tanny,McDirmid,tmcdirmidkt@apache.org,M,(945) 8598407,6 Manley Street,Cork,Ireland
10784,Malinda,Pfiffer,mpfifferku@photobucket.com,F,(669) 9702503,8795 Carberry Hill,Muff,Ireland
11925,Leora,Jonk,ljonkkv@merriam-webster.com,F,(826) 7946470,530 Morrow Hill,Tuam,Ireland
15439,Kameko,Humphrys,khumphryskw@seesaa.net,F,(822) 3891250,767 Crowley Crossing,Annacotty,Ireland
13554,Davy,Piddick,dpiddickkx@angelfire.com,M,(272) 7719169,7169 Holmberg Road,Aughrim,Ireland
17846,Prentiss,Boanas,pboanasky@github.com,M,(470) 6317237,364 Oxford Pass,Balally,Ireland
16459,Wes,Pottberry,wpottberrykz@rakuten.co.jp,M,(979) 2355621,09 Marcy Parkway,Dunmanway,Ireland
11516,Sonnie,Woollin,swoollinl0@chron.com,F,(166) 2724706,582 Algoma Avenue,Kanturk,Ireland
17701,Lauree,Arlidge,larlidgel1@un.org,F,(610) 2169311,28139 Clove Center,Bearna,Ireland
13275,Ophelia,Balchen,obalchenl2@homestead.com,F,(808) 5858973,675 Quincy Road,Foxrock,Ireland
17276,Claire,Growcock,cgrowcockl3@craigslist.org,M,(619) 9684365,71 Hanover Lane,Killumney,Ireland
15527,Jefferey,Castagnier,jcastagnierl4@paginegialle.it,M,(371) 6688675,609 Blackbird Road,Longford,Ireland
14379,Margery,Ommundsen,mommundsenl5@wikipedia.org,F,(202) 8063630,13 Mallard Point,Milltown,Ireland
14341,Rand,Condon,rcondonl6@w3.org,M,(829) 5099125,8 Toban Center,Kinsale,Ireland
17864,Toby,Sherborne,tsherbornel7@seattletimes.com,F,(866) 3165081,5400 Judy Lane,Cherryville,Ireland
10985,Vilhelmina,Bloodworthe,vbloodworthel8@sakura.ne.jp,F,(884) 5946517,72 Division Pass,Rathangan,Ireland
11980,Rosalynd,Corking,rcorkingl9@nih.gov,F,(903) 9456895,180 Northwestern Court,Bundoran,Ireland
17925,Caitrin,Bebis,cbebisla@who.int,F,(937) 2441083,5352 Morningstar Circle,Sallins,Ireland
16416,Benton,Oswal,boswallb@ustream.tv,M,(487) 3965291,4763 Carberry Parkway,Bundoran,Ireland
10886,Regan,McGunley,rmcgunleylc@csmonitor.com,M,(530) 7388507,786 Mesta Center,Glasnevin,Ireland
13513,Haywood,Albert,halbertld@woothemes.com,M,(441) 2145496,2 Meadow Valley Place,Swords,Ireland
11159,Bank,Laborda,blabordale@sohu.com,M,(663) 1061294,5 Loftsgordon Park,Kinsale,Ireland
12509,Cornela,Akhurst,cakhurstlf@cam.ac.uk,F,(574) 2741156,031 East Junction,Gweedore,Ireland
10740,Forrest,Iskov,fiskovlg@barnesandnoble.com,M,(263) 3162340,9359 Nobel Circle,Dalkey,Ireland
13113,Vivyan,Bedborough,vbedboroughlh@discuz.net,F,(468) 1597698,2244 Veith Crossing,Tralee,Ireland
13641,Bogart,Barta,bbartali@cnbc.com,M,(983) 8086275,128 Northview Street,Donegal,Ireland
10912,Ewart,Ivashintsov,eivashintsovlj@arizona.edu,M,(261) 2686936,163 Northport Junction,Youghal,Ireland
10599,Mal,Boissieux,mboissieuxlk@nba.com,M,(191) 5695384,323 Oriole Plaza,Rathwire,Ireland
13926,Vick,Ovitts,vovittsll@unesco.org,M,(419) 5029784,41 Ilene Alley,Kildare,Ireland
11472,Karleen,Garlic,kgarliclm@godaddy.com,F,(428) 7405942,4 Sunnyside Center,Belmullet,Ireland
14787,Eveline,Malcolmson,emalcolmsonln@mysql.com,F,(419) 9228120,03 Columbus Center,Dalkey,Ireland
17210,Yoko,Vedenisov,yvedenisovlo@issuu.com,F,(267) 1194004,4 Northfield Center,Prosperous,Ireland
10637,Cori,Culross,cculrosslp@go.com,M,(218) 6861088,183 Marquette Trail,Oughterard,Ireland
17695,Shelagh,Litzmann,slitzmannlq@psu.edu,F,(961) 7205103,63815 Anniversary Park,Athlone,Ireland
10436,Ramona,Gillbanks,rgillbankslr@hao123.com,F,(476) 2266164,2 Bartelt Center,Bearna,Ireland
17823,Yorgo,Hugonnet,yhugonnetls@miitbeian.gov.cn,M,(363) 5119312,74 Eagle Crest Plaza,Farranacoush,Ireland
16795,Shane,Eglese,segleselt@chicagotribune.com,M,(734) 6950874,5 Center Circle,Cashel,Ireland
12666,Augustus,Hugh,ahughlu@sina.com.cn,M,(779) 1876792,66404 Helena Way,Cork,Ireland
16897,Barby,Meneghelli,bmeneghellilv@home.pl,F,(388) 8571039,3 Crownhardt Plaza,Clogherhead,Ireland
17036,Lou,Risbie,lrisbielw@clickbank.net,F,(489) 6900439,0011 Hooker Hill,Monaghan,Ireland
17053,Earvin,Buckleigh,ebuckleighlx@uol.com.br,M,(465) 8038339,7976 Bluestem Hill,Askeaton,Ireland
12865,Fielding,Cowgill,fcowgillly@friendfeed.com,M,(892) 2776293,64597 Hoffman Terrace,Loughrea,Ireland
12835,Bev,Ealam,bealamlz@creativecommons.org,M,(616) 6894917,8156 Steensland Avenue,Dublin,Ireland
17156,Brita,Casetti,bcasettim0@spotify.com,F,(419) 4191231,9890 Mendota Circle,Greenhills,Ireland
11258,Mata,Denyagin,mdenyaginm1@1688.com,M,(193) 1142861,634 Killdeer Crossing,Coolock,Ireland
10729,Christalle,Easterling,ceasterlingm2@boston.com,F,(457) 9032884,41 Thackeray Pass,Tuam,Ireland
13067,Sauncho,Massimo,smassimom3@samsung.com,M,(476) 5278917,2113 Esch Lane,Eadestown,Ireland
15020,Cathy,Brindley,cbrindleym4@bravesites.com,F,(217) 8464454,238 Hanover Trail,Donabate,Ireland
11181,Bethanne,Saltern,bsalternm5@google.de,F,(474) 4638381,51 American Way,Bailieborough,Ireland
13735,Englebert,McCullogh,emcculloghm6@ebay.com,M,(753) 3460864,79750 Northview Park,Kill,Ireland
17617,Celesta,Hanburry,chanburrym7@ed.gov,F,(931) 7792617,3854 Lindbergh Circle,Midleton,Ireland
13472,Leopold,Fiennes,lfiennesm8@i2i.jp,M,(552) 2235704,78 Maryland Place,Castleknock,Ireland
17484,Fleurette,Duthy,fduthym9@cornell.edu,F,(742) 6951896,34 Petterle Circle,Midleton,Ireland
16264,Konstantine,Oxburgh,koxburghma@earthlink.net,M,(839) 7374614,86 Anderson Plaza,Raheny,Ireland
10261,Nike,Gayther,ngaythermb@columbia.edu,F,(950) 5756720,60702 Linden Plaza,Claremorris,Ireland
14072,Mair,Kench,mkenchmc@naver.com,F,(408) 6148037,9 Brentwood Way,Bantry,Ireland
10948,Kevon,Yakovitch,kyakovitchmd@w3.org,M,(860) 2675525,8100 Waywood Pass,Kinnegad,Ireland
10301,Odo,Phripp,ophrippme@ehow.com,M,(520) 7413470,300 Fairfield Point,Edgeworthstown,Ireland
16727,Wanids,Sheppey,wsheppeymf@google.co.jp,F,(160) 4414045,1892 Columbus Junction,Tower,Ireland
12135,Enos,Hallede,ehalledemg@discovery.com,M,(700) 7546895,26257 Johnson Park,Castlebridge,Ireland
17863,Kinsley,Mangenot,kmangenotmh@nih.gov,M,(227) 5104709,9777 Dottie Point,Newmarket on Fergus,Ireland
11263,Wyatt,Berka,wberkami@google.ru,M,(760) 9575459,7855 Reinke Avenue,Gweedore,Ireland
13550,Allis,Bounde,aboundemj@icq.com,F,(467) 7584538,1 Clarendon Street,Sutton,Ireland
12368,Oran,Neilly,oneillymk@github.com,M,(918) 9669716,069 Green Trail,Oranmore,Ireland
10114,Roman,Tommasuzzi,rtommasuzziml@nps.gov,M,(392) 6339325,98 Merry Center,Leixlip,Ireland
17443,Bernardine,Brightie,bbrightiemm@rakuten.co.jp,F,(595) 5421858,657 Aberg Center,Annacotty,Ireland
17282,Joe,Brayshay,jbrayshaymn@newsvine.com,M,(485) 4552074,8176 Spaight Pass,Kildare,Ireland
11911,Seth,Kibard,skibardmo@oracle.com,M,(861) 3903988,6 Bartelt Road,Crumlin,Ireland
15049,Devora,Emor,demormp@nbcnews.com,F,(642) 4049992,8075 Stuart Lane,Bundoran,Ireland
17207,Putnem,Balazs,pbalazsmq@google.it,M,(684) 4024012,81222 Bellgrove Plaza,Rathwire,Ireland
15691,Zebulen,George,zgeorgemr@shinystat.com,M,(451) 1863121,12 Sunnyside Center,Rathdrum,Ireland
14379,Jasmina,Justis,jjustisms@flavors.me,F,(888) 5812224,01 Anthes Junction,Clondalkin,Ireland
15621,Joey,Pinnion,jpinnionmt@techcrunch.com,M,(864) 7303717,8842 Carey Place,Dún Laoghaire,Ireland
15092,Aimil,Luparti,alupartimu@mediafire.com,F,(751) 3104361,4652 Spaight Avenue,Shankill,Ireland
15078,Aharon,Corry,acorrymv@phpbb.com,M,(318) 4926259,42 Schiller Road,Swinford,Ireland
15944,Stanfield,Haisell,shaisellmw@ebay.co.uk,M,(543) 5687129,261 Carberry Park,Blarney,Ireland
11366,Rennie,Dudderidge,rdudderidgemx@drupal.org,F,(720) 3182942,5 Michigan Pass,Kingscourt,Ireland
10746,Ardene,Monteath,amonteathmy@bigcartel.com,F,(594) 5274258,6751 Emmet Avenue,Newmarket on Fergus,Ireland
17597,Keenan,Habershon,khabershonmz@edublogs.org,M,(459) 9158355,5 Lukken Crossing,Macroom,Ireland
14692,Mariele,Madsen,mmadsenn0@sun.com,F,(946) 3505088,1515 Vernon Court,Dungarvan,Ireland
14873,Barnabas,Mc Caghan,bmccaghann1@craigslist.org,M,(836) 9154795,4 Merchant Plaza,Balrothery,Ireland
15207,Harris,Dohrmann,hdohrmannn2@state.gov,M,(990) 7940124,725 Walton Avenue,Tuam,Ireland
17773,Adah,Puckinghorne,apuckinghornen3@disqus.com,F,(348) 8938200,665 Manley Plaza,Kilkenny,Ireland
15957,Sherill,Avramovitz,savramovitzn4@amazon.de,F,(860) 8266321,549 Meadow Vale Center,Cluain Meala,Ireland
11780,Alisha,Cremer,acremern5@gov.uk,F,(198) 3451764,22 Raven Center,Whitegate,Ireland
14754,Maia,Jozefowicz,mjozefowiczn6@icio.us,F,(691) 6630267,55268 Carioca Road,Clifden,Ireland
10445,Cortie,Brabham,cbrabhamn7@princeton.edu,M,(615) 8484463,18 Daystar Court,Raphoe,Ireland
12835,Julius,Wannop,jwannopn8@cbsnews.com,M,(168) 6240561,3630 Ohio Crossing,Raphoe,Ireland
14503,Halette,Dmitriev,hdmitrievn9@ca.gov,F,(475) 4338755,79 Upham Plaza,Belmullet,Ireland
13480,Christabella,Cool,ccoolna@tinypic.com,F,(385) 4654458,3506 Schmedeman Place,Manorhamilton,Ireland
17733,Wiatt,Simonetti,wsimonettinb@bloglovin.com,M,(664) 4027844,93 Bartelt Trail,Skerries,Ireland
14002,Annetta,Enden,aendennc@telegraph.co.uk,F,(413) 5453605,20495 Boyd Trail,Oranmore,Ireland
17487,Conant,Gother,cgothernd@aboutads.info,M,(402) 1169357,8 Blaine Crossing,Rathdrum,Ireland
16393,Carson,Troctor,ctroctorne@unc.edu,M,(894) 1900205,27009 Brickson Park Road,Athlone,Ireland
10885,Cale,Canby,ccanbynf@hugedomains.com,M,(235) 7996028,6712 Hooker Alley,Bearna,Ireland
14133,Barnard,Howchin,bhowchinng@wunderground.com,M,(810) 8622805,59748 Cody Street,Lucan,Ireland
15012,Lizzy,Shire,lshirenh@purevolume.com,F,(680) 7618399,544 Dawn Center,Clonskeagh,Ireland
16642,Mufi,Phinnis,mphinnisni@tuttocitta.it,F,(220) 4234276,102 Warner Road,Dundrum,Ireland
17321,Scarlet,Alster,salsternj@bbc.co.uk,F,(402) 1625049,6 Gateway Junction,Kinlough,Ireland
12315,Andonis,Davidsohn,adavidsohnnk@paginegialle.it,M,(104) 3488841,4 Westport Parkway,Coolock,Ireland
16617,Jo,Stenning,jstenningnl@google.com,F,(859) 4525444,5 Hanover Place,Virginia,Ireland
11527,Redd,Pedgrift,rpedgriftnm@nps.gov,M,(259) 9308703,2 Florence Street,Cloyne,Ireland
12906,Berke,Dicke,bdickenn@amazon.co.jp,M,(289) 7327148,30644 Summit Center,Tallaght,Ireland
11931,Garrot,Zannutti,gzannuttino@irs.gov,M,(784) 2485240,770 Memorial Place,Castlemartyr,Ireland
14322,Jocelin,Clapperton,jclappertonnp@nationalgeographic.com,F,(341) 6038971,39 Warner Point,Bundoran,Ireland
14234,Lenard,Kleinhaut,lkleinhautnq@so-net.ne.jp,M,(441) 2962777,39543 Village Lane,Dungarvan,Ireland
11568,Haleigh,Grzegorzewski,hgrzegorzewskinr@1und1.de,F,(904) 4377789,286 Namekagon Junction,Edgeworthstown,Ireland
17156,Tierney,Van Halle,tvanhallens@usatoday.com,F,(537) 7993944,45 Eastwood Terrace,Booterstown,Ireland
12237,Tyson,Couzens,tcouzensnt@theguardian.com,M,(618) 7710858,81 Norway Maple Plaza,Bantry,Ireland
13520,Maureene,Uzelli,muzellinu@mozilla.org,F,(656) 8231886,19965 Melody Point,Castleknock,Ireland
13240,Howie,Klassmann,hklassmannnv@icio.us,M,(588) 7830940,29 Burrows Plaza,Dublin,Ireland
12856,Kaleena,Gerhold,kgerholdnw@harvard.edu,F,(989) 2847669,3 Bluejay Street,Belmullet,Ireland
13866,Ray,Killock,rkillocknx@lycos.com,M,(803) 4622743,0 Farragut Road,Tallaght,Ireland
11024,Annice,Hedge,ahedgeny@hp.com,F,(804) 4023885,9 Jay Drive,Ballymahon,Ireland
12659,Farra,Andrzejowski,fandrzejowskinz@senate.gov,F,(860) 6050265,74 Graceland Way,Old Kilcullen,Ireland
14688,Mose,Beretta,mberettao0@mail.ru,M,(840) 3990726,09 7th Parkway,Cill Airne,Ireland
10333,Riannon,Coolahan,rcoolahano1@histats.com,F,(791) 4333545,887 Vermont Drive,Rathangan,Ireland
16865,Arabel,Rouge,arougeo2@un.org,F,(665) 3989197,4 Mcguire Way,Bayside,Ireland
15087,Garland,Burner,gburnero3@cargocollective.com,F,(988) 7965167,235 Ronald Regan Road,Portarlington,Ireland
13049,Rip,Layfield,rlayfieldo4@biblegateway.com,M,(833) 8059871,5 Twin Pines Court,Kiltamagh,Ireland
11191,Tobias,Dussy,tdussyo5@harvard.edu,M,(961) 5532212,47 Rigney Alley,Dromiskin,Ireland
11317,Marylou,Gayton,mgaytono6@about.me,F,(610) 9767200,71671 Springs Plaza,Manorhamilton,Ireland
12314,Farr,Greatham,fgreathamo7@spiegel.de,M,(276) 5881327,6892 Ryan Avenue,Beaumont,Ireland
16723,Carling,Haseley,chaseleyo8@canalblog.com,M,(950) 8517335,2952 Hagan Drive,Gort,Ireland
17630,Donall,Crawforth,dcrawfortho9@g.co,M,(418) 6608791,67 South Parkway,Ratoath,Ireland
17660,Ellen,Tatters,etattersoa@wisc.edu,F,(907) 6591073,237 Vermont Pass,Castlepollard,Ireland
16803,Ottilie,Ryder,oryderob@home.pl,F,(113) 9912320,5 Browning Avenue,Donnybrook,Ireland
16406,Minny,Sollitt,msollittoc@deliciousdays.com,F,(239) 9054976,4 Grim Hill,Foxrock,Ireland
17806,Billie,Klaessen,bklaessenod@edublogs.org,M,(491) 8823454,785 Shoshone Plaza,Ballymahon,Ireland
17573,Kevan,Cota,kcotaoe@ocn.ne.jp,M,(370) 9669658,90 Ridgeway Center,Thomastown,Ireland
12632,Marilin,Ditt,mdittof@desdev.cn,F,(818) 8450722,083 Anthes Hill,Cill Airne,Ireland
16153,Aidan,Vasichev,avasichevog@gov.uk,F,(775) 7282989,918 Springs Circle,Kinsale,Ireland
13782,Yvonne,Poulsom,ypoulsomoh@sakura.ne.jp,F,(270) 2660504,521 Sachs Point,Manorhamilton,Ireland
17364,Osbert,Eckersall,oeckersalloi@aol.com,M,(925) 8332714,4816 Blue Bill Park Alley,Cherryville,Ireland
13232,Tamara,Wank,twankoj@fastcompany.com,F,(761) 1660635,8586 Swallow Circle,Ballyjamesduff,Ireland
10653,D'arcy,Fessby,dfessbyok@clickbank.net,M,(816) 6904835,5 Vermont Crossing,Confey,Ireland
14904,Tore,Donaldson,tdonaldsonol@sciencedirect.com,M,(244) 6597493,39656 Fuller Crossing,Drumcondra,Ireland
11266,Minerva,Boddymead,mboddymeadom@com.com,F,(581) 4890707,9 Amoth Place,Kinsale,Ireland
17076,Aldridge,Heyworth,aheyworthon@discovery.com,M,(623) 1990067,77194 Lakeland Junction,Castlebellingham,Ireland
13093,Norbert,Moodie,nmoodieoo@europa.eu,M,(666) 6191461,13837 Linden Point,Gweedore,Ireland
13179,Khalil,Peplaw,kpeplawop@cyberchimps.com,M,(519) 2786388,62851 Prentice Drive,Carrigaline,Ireland
12850,Blancha,Ivakhnov,bivakhnovoq@imdb.com,F,(865) 2882538,120 Dennis Alley,Dalkey,Ireland
17630,Baird,Sowthcote,bsowthcoteor@cocolog-nifty.com,M,(691) 3524600,25650 Oak Avenue,Naas,Ireland
14415,Creigh,Liepina,cliepinaos@w3.org,M,(601) 9270989,99686 Comanche Way,Killorglin,Ireland
17773,Nichole,Yuryaev,nyuryaevot@ning.com,M,(619) 9746549,9 Moulton Alley,Beaumont,Ireland
17213,Gerri,D'Andrea,gdandreaou@who.int,M,(396) 9783205,4 Riverside Terrace,Balrothery,Ireland
17999,Clerissa,Dallaghan,cdallaghanov@miitbeian.gov.cn,F,(838) 7055499,600 Jana Drive,Ballyboden,Ireland
13245,Kippy,Manuaud,kmanuaudow@kickstarter.com,M,(135) 1742611,7 North Crossing,Swords,Ireland
16438,Auberon,Summerfield,asummerfieldox@washington.edu,M,(152) 2946601,35038 Di Loreto Crossing,Raphoe,Ireland
11646,Rocky,Veschambre,rveschambreoy@squidoo.com,M,(225) 3023379,4708 Shoshone Pass,Aughrim,Ireland
15582,Amory,Tunno,atunnooz@ustream.tv,M,(475) 1940775,5 Goodland Crossing,Piltown,Ireland
14216,Lynne,Matschuk,lmatschukp0@discuz.net,F,(632) 7811893,1759 Barnett Road,Ferbane,Ireland
17150,Jess,Rastrick,jrastrickp1@mlb.com,F,(184) 8430126,62 Nova Drive,Ballylinan,Ireland
12514,Kristos,Baton,kbatonp2@marriott.com,M,(429) 6449363,01676 Merry Court,Oughterard,Ireland
17727,Lanie,Middleton,lmiddletonp3@wufoo.com,F,(601) 6266736,1735 Sachtjen Street,Fairview,Ireland
13126,Andrei,Hartwright,ahartwrightp4@narod.ru,F,(378) 5180744,6 Tomscot Alley,Donnycarney,Ireland
11562,Shurwood,Ricardet,sricardetp5@rambler.ru,M,(536) 3498996,6105 Manitowish Center,Navan,Ireland
10373,Jethro,Meijer,jmeijerp6@scribd.com,M,(116) 1886632,95 Cardinal Plaza,Fermoy,Ireland
17711,Johan,Cheatle,jcheatlep7@japanpost.jp,M,(865) 6844292,54277 Jana Road,Manorhamilton,Ireland
17647,Harriott,Macartney,hmacartneyp8@cargocollective.com,F,(449) 4240219,85824 Straubel Terrace,Dungarvan,Ireland
14515,Emelia,Ariss,earissp9@yahoo.co.jp,F,(933) 6466776,3 Ohio Street,Bailieborough,Ireland
10783,Richard,Cram,rcrampa@blogs.com,M,(400) 8113380,5 Maple Point,Booterstown,Ireland
15208,Hildagarde,Wheelhouse,hwheelhousepb@mac.com,F,(953) 8389454,7 Heffernan Avenue,Gweedore,Ireland
17185,Avictor,Tooher,atooherpc@ebay.com,M,(933) 1430314,12 Kennedy Road,Cluain Meala,Ireland
14192,Maryann,Grigor,mgrigorpd@webeden.co.uk,F,(448) 5143903,189 Dakota Way,Killumney,Ireland
14730,Toddie,Belshaw,tbelshawpe@vkontakte.ru,M,(913) 4955936,65472 Thompson Court,Ballyboden,Ireland
13581,Tonya,Aronow,taronowpf@deviantart.com,F,(394) 2716322,4891 Carey Crossing,Glasnevin,Ireland
13488,Molly,Marieton,mmarietonpg@nps.gov,F,(710) 3772896,7 Tony Road,Claremorris,Ireland
15645,Sauveur,McKinna,smckinnaph@home.pl,M,(871) 9281533,244 Parkside Avenue,Athy,Ireland
12121,Henri,Bail,hbailpi@tripadvisor.com,M,(379) 8646811,700 Sommers Plaza,Askeaton,Ireland
15174,Reinaldo,Klimus,rklimuspj@trellian.com,M,(366) 1616065,611 Esch Drive,Dunlewy,Ireland
11084,Marthena,Matyashev,mmatyashevpk@independent.co.uk,F,(483) 5078644,1822 Namekagon Court,Skerries,Ireland
13616,Cori,Labell,clabellpl@blogtalkradio.com,M,(924) 9115887,5 Starling Junction,Sandymount,Ireland
15399,Kaitlyn,Lightman,klightmanpm@cyberchimps.com,F,(440) 6048105,9377 Armistice Alley,Ratoath,Ireland
11460,Elvina,Klasen,eklasenpn@unc.edu,F,(260) 2912080,6 Carioca Alley,Swinford,Ireland
12018,Lotte,Comino,lcominopo@sina.com.cn,F,(765) 1274089,573 Steensland Lane,Prosperous,Ireland
13905,Thalia,Brighouse,tbrighousepp@ning.com,F,(283) 7971377,67 Brown Circle,Midleton,Ireland
12785,Orton,Hatherleigh,ohatherleighpq@ucoz.ru,M,(833) 4504054,90434 Maple Wood Center,Navan,Ireland
11377,Dorris,Medlar,dmedlarpr@symantec.com,F,(328) 6464564,4322 Annamark Lane,Enniskerry,Ireland
12262,Teodora,Hedde,theddeps@gnu.org,F,(263) 6601728,3 Burning Wood Center,Kilcullen,Ireland
13519,Perice,Blampy,pblampypt@economist.com,M,(175) 8828991,3 Hoepker Alley,Kanturk,Ireland
10695,Filmer,Byars,fbyarspu@dailymail.co.uk,M,(968) 5209018,41 Schiller Point,Kinnegad,Ireland
10837,Dun,Radbourne,dradbournepv@yelp.com,M,(474) 4441628,59 Everett Circle,Youghal,Ireland
17132,Krystalle,Janney,kjanneypw@globo.com,F,(405) 3617619,82934 American Ash Point,Drumcondra,Ireland
11818,Gaile,Galbreth,ggalbrethpx@feedburner.com,M,(305) 3213589,6 Northwestern Junction,Templeogue,Ireland
10845,Darius,McMenamy,dmcmenamypy@ox.ac.uk,M,(217) 8512615,25780 Garrison Street,Oranmore,Ireland
15902,Ron,Dew,rdewpz@ibm.com,M,(218) 2619614,914 Anzinger Street,Drumcondra,Ireland
12321,Ninetta,Rustich,nrustichq0@php.net,F,(890) 5185458,99183 Oneill Drive,Glasnevin,Ireland
17057,Zuzana,Tuckie,ztuckieq1@ycombinator.com,F,(834) 7476896,7595 Sullivan Place,Ballivor,Ireland
13596,Perice,Levy,plevyq2@accuweather.com,M,(537) 2972544,45 Nobel Pass,Kinsealy-Drinan,Ireland
13351,Nahum,Mortell,nmortellq3@indiatimes.com,M,(771) 9523606,153 Crowley Crossing,Crumlin,Ireland
14402,Nancie,Petersen,npetersenq4@nationalgeographic.com,F,(457) 2195213,2904 Fair Oaks Crossing,Bundoran,Ireland
17598,Dwayne,Phinnis,dphinnisq5@weebly.com,M,(729) 8351956,2 Longview Lane,Dublin,Ireland
10934,Ferne,Vasyunkin,fvasyunkinq6@sphinn.com,F,(249) 6615688,13 Havey Pass,Raphoe,Ireland
13636,Phylys,Sherlock,psherlockq7@about.me,F,(148) 7848797,88635 Emmet Avenue,Tallaght,Ireland
11582,Sara,O'Loughane,soloughaneq8@goo.gl,F,(840) 4002576,89303 Amoth Terrace,Crossmolina,Ireland
14373,Alberto,Hammerberg,ahammerbergq9@linkedin.com,M,(905) 2961487,25058 Butternut Hill,Cill Airne,Ireland
12666,Silvia,Bramich,sbramichqa@wiley.com,F,(576) 7854376,6 Golden Leaf Crossing,Castlebridge,Ireland
10497,Bengt,Curror,bcurrorqb@amazon.co.jp,M,(235) 1123508,11507 Bashford Parkway,Donnycarney,Ireland
13702,Sybille,Alesio,salesioqc@google.co.uk,F,(478) 2701035,90693 Ohio Center,Clones,Ireland
12999,Debby,Blaksley,dblaksleyqd@altervista.org,F,(211) 6513587,12 Sheridan Pass,Bailieborough,Ireland
16033,Sebastiano,Lonsbrough,slonsbroughqe@yolasite.com,M,(176) 3182770,297 Columbus Road,Adare,Ireland
14323,Lion,Bagniuk,lbagniukqf@exblog.jp,M,(560) 7467421,9784 Ryan Center,Castlebridge,Ireland
10492,Maridel,Bough,mboughqg@unblog.fr,F,(481) 2005911,69263 Hanson Alley,Cluain Meala,Ireland
15378,Desiree,Renac,drenacqh@blogger.com,F,(270) 4427303,60452 Spenser Drive,Sandyford,Ireland
14873,Justin,Franchi,jfranchiqi@geocities.jp,M,(928) 1395222,91 Katie Place,Ballivor,Ireland
14615,Marieann,Windless,mwindlessqj@umn.edu,F,(655) 7538355,74 Amoth Center,Sandymount,Ireland
17226,Irwin,Frotton,ifrottonqk@acquirethisname.com,M,(364) 9934727,55 Kennedy Circle,Crossmolina,Ireland
14410,Debby,De Vuyst,ddevuystql@nbcnews.com,F,(904) 9606846,8927 Jana Hill,Milltown,Ireland
12076,Lexy,Ashplant,lashplantqm@jigsy.com,F,(567) 9122010,39 Porter Way,Portarlington,Ireland
17417,Erinna,Tunnoch,etunnochqn@github.com,F,(594) 2155497,652 Bonner Parkway,Ardee,Ireland
16726,Claresta,Pont,cpontqo@bloglovin.com,F,(444) 4940967,18008 Rusk Hill,Caherconlish,Ireland
16800,Rosemonde,Woodyatt,rwoodyattqp@nba.com,F,(769) 2093160,170 Stone Corner Terrace,Fermoy,Ireland
17745,Pip,Senyard,psenyardqq@webnode.com,M,(349) 8647646,4586 Grim Junction,Rathdrum,Ireland
14004,Frasier,Antonovic,fantonovicqr@nhs.uk,M,(123) 7022897,079 Mendota Circle,Foxrock,Ireland
13824,Star,Bolwell,sbolwellqs@tumblr.com,F,(657) 9323451,5 Hagan Parkway,Tallaght,Ireland
14663,Stillmann,Cricket,scricketqt@mysql.com,M,(252) 7511894,90409 Brown Junction,Listowel,Ireland
15375,Grannie,Vizor,gvizorqu@samsung.com,M,(589) 7640648,900 Jana Avenue,Foxrock,Ireland
14780,Ursa,Gulliman,ugullimanqv@sitemeter.com,F,(225) 9834219,6 Golf View Pass,Donegal,Ireland
14468,Lyndsey,Ainge,laingeqw@ft.com,F,(581) 9154449,5121 Colorado Lane,Malahide,Ireland
16967,Carmina,Laurenson,claurensonqx@time.com,F,(117) 1346743,4 Florence Drive,Bayside,Ireland
12253,Clotilda,Grimshaw,cgrimshawqy@senate.gov,F,(822) 6191966,03003 Sheridan Plaza,Clogherhead,Ireland
10346,Jourdan,Koppen,jkoppenqz@technorati.com,F,(203) 9155080,456 Menomonie Park,Tullyallen,Ireland
14853,Wesley,Brazener,wbrazenerr0@list-manage.com,M,(173) 2245723,78529 Mariners Cove Alley,Dungloe,Ireland
14871,Alister,Roddick,aroddickr1@opera.com,M,(461) 9826870,116 Ramsey Crossing,Ballybofey,Ireland
10903,Channa,Croker,ccrokerr2@reference.com,F,(445) 3471571,519 Melrose Trail,Blarney,Ireland
15646,Odelia,Gallemore,ogallemorer3@webeden.co.uk,F,(736) 7150750,7 Village Place,Ballyboden,Ireland
15085,Carita,Ungerer,cungererr4@mediafire.com,F,(657) 3394787,185 Saint Paul Circle,Blarney,Ireland
15641,Lynea,Baddam,lbaddamr5@meetup.com,F,(669) 4221160,61 Briar Crest Avenue,Birr,Ireland
14782,Shepperd,Carden,scardenr6@walmart.com,M,(945) 7426166,9 Hoard Avenue,Birr,Ireland
14952,Toby,Fallow,tfallowr7@exblog.jp,M,(465) 8990870,64 Northport Drive,Cashel,Ireland
16274,Leshia,Doggerell,ldoggerellr8@uol.com.br,F,(309) 1802049,7 Cardinal Parkway,Kinnegad,Ireland
16176,Harbert,Leaning,hleaningr9@phpbb.com,M,(943) 3599263,62919 International Junction,Rathnew,Ireland
14457,Cristine,Maryon,cmaryonra@sphinn.com,F,(787) 3387701,1 Eagle Crest Crossing,Caherconlish,Ireland
10137,Kali,Scoular,kscoularrb@cnbc.com,F,(686) 2150443,8949 Mosinee Court,Shankill,Ireland
11604,Yanaton,Spering,ysperingrc@nba.com,M,(847) 2719310,3496 Golf Avenue,Coolock,Ireland
15156,Gavra,Volk,gvolkrd@fotki.com,F,(665) 8921795,7 Lakewood Gardens Park,Ballivor,Ireland
11673,Zitella,Sowray,zsowrayre@cam.ac.uk,F,(953) 9116570,6 Gale Center,Ballymahon,Ireland
11391,Marylee,Longfellow,mlongfellowrf@last.fm,F,(758) 6299951,4959 Hazelcrest Road,Dunmanway,Ireland
10698,Saraann,Lantuff,slantuffrg@tinypic.com,F,(608) 2032835,1 Maywood Street,Sutton,Ireland
16484,Chantalle,Mangon,cmangonrh@ehow.com,F,(727) 2199639,2489 5th Road,Castlebellingham,Ireland
11037,Janaya,Casham,jcashamri@1688.com,F,(901) 2418299,656 Maple Drive,Loughrea,Ireland
16203,Ceciley,Pinckney,cpinckneyrj@google.com.br,F,(477) 3376940,0 Manitowish Point,Clonskeagh,Ireland
14138,Cyrille,Gold,cgoldrk@technorati.com,M,(722) 7643333,3 Truax Plaza,Kilcullen,Ireland
11133,Clem,Tremoille,ctremoillerl@wp.com,M,(155) 5276983,1 Kim Street,Cill Airne,Ireland
12949,Faina,Harrinson,fharrinsonrm@sciencedaily.com,F,(719) 7804625,1119 Waywood Junction,Donabate,Ireland
10689,Clare,Jerg,cjergrn@trellian.com,M,(319) 9703827,30463 Grasskamp Way,Balally,Ireland
13668,Gene,Crilley,gcrilleyro@nytimes.com,F,(527) 1372615,4426 Bartelt Parkway,Donegal,Ireland
14869,Ellette,Dzenisenka,edzenisenkarp@photobucket.com,F,(331) 8880483,6 Stuart Plaza,Templeogue,Ireland
12863,Pamelina,Wakeley,pwakeleyrq@cam.ac.uk,F,(648) 1689474,59 Dexter Terrace,Beaumont,Ireland
10949,Miguelita,Roughan,mroughanrr@canalblog.com,F,(772) 9178438,11 Lukken Place,Drumcondra,Ireland
